日期,时间,纬度,经度,深度,震级类型,震级值,事件类型,参考地名
2013-04-23,22:07:15.6,30.31,102.97,16,Ms,3.8,eq,四川省雅安市芦山县
2013-04-23,15:14:39.2,30.22,102.95,16,Ms,3.2,eq,四川省雅安市芦山县
2013-04-23,05:54:49.3,30.40,103.00,19,Ms,4.5,eq,四川省雅安市芦山县
2013-04-23,01:38:03.2,30.25,102.94,18,Ms,3.1,eq,四川省雅安市芦山县
2013-04-23,01:27:13.1,30.26,102.83,15,Ms,3.8,eq,四川省雅安市宝兴县、芦山县交界
2013-04-22,23:11:17.7,30.21,102.92,16,Ms,3.0,eq,四川省雅安市芦山县、宝兴县交界
2013-04-22,21:39:31.7,30.22,102.93,14,Ms,3.1,eq,四川省雅安市芦山县、宝兴县交界
2013-04-22,19:04:52.5,30.21,102.96,21,Ms,3.1,eq,四川省雅安市芦山县、雨城区交界
2013-04-22,18:56:50.4,30.31,103.04,12,Ms,3.4,eq,四川省雅安市芦山县、成都市邛崃市交界
2013-04-22,17:14:04.5,30.30,103.01,12,Ms,3.7,eq,四川省雅安市芦山县、成都市邛崃市交界
2013-04-22,13:42:52.4,30.15,102.81,16,Ms,3.1,eq,四川省雅安市天全县、宝兴县交界
2013-04-22,09:18:08.5,30.25,102.97,19,Ms,3.6,eq,四川省雅安市芦山县
2013-04-22,07:45:00.9,30.29,102.87,14,Ms,3.2,eq,四川省雅安市宝兴县、芦山县交界
2013-04-22,07:17:04.4,30.25,102.95,17,Ms,3.4,eq,四川省雅安市芦山县
2013-04-22,06:21:10.2,30.27,102.90,20,Ms,3.1,eq,四川省雅安市芦山县、宝兴县交界
2013-04-22,04:53:20.2,30.33,102.93,20,Ms,3.1,eq,四川省雅安市芦山县、宝兴县交界
2013-04-22,04:36:11.9,30.27,102.98,17,Ms,3.1,eq,四川省雅安市芦山县
2013-04-22,03:36:37.7,30.20,102.93,17,Ms,3.8,eq,四川省雅安市芦山县、宝兴县交界
2013-04-22,01:52:08.8,31.19,103.48,14,Ms,3.1,eq,四川省阿坝藏族羌族自治州汶川县
2013-04-21,23:50:19.5,30.26,102.96,18,ML,2.5,eq,四川芦山
2013-04-21,23:34:40.4,30.25,102.85,26,ML,2.3,eq,四川宝兴
2013-04-21,23:25:23.4,30.25,102.84,26,ML,4.0,eq,四川宝兴
2013-04-21,22:59:14.5,30.36,102.95,19,ML,2.3,eq,四川芦山
2013-04-21,22:47:00.8,30.25,102.98,18,ML,2.6,eq,四川芦山
2013-04-21,22:16:55.7,30.30,102.90,20,Ms,4.3,eq,四川芦山
2013-04-21,22:13:17.8,30.30,102.97,18,ML,2.9,eq,四川芦山
2013-04-21,21:27:25.2,30.32,102.88,16,ML,2.6,eq,四川宝兴
2013-04-21,20:57:58.8,30.28,102.90,24,ML,2.3,eq,四川芦山
2013-04-21,20:51:18.0,30.31,102.93,13,ML,2.5,eq,四川芦山
2013-04-21,20:47:58.2,30.28,102.92,24,ML,2.4,eq,四川芦山
2013-04-21,20:24:47.2,30.33,102.96,26,ML,2.7,eq,四川芦山
2013-04-21,20:08:31.5,30.20,102.91,14,Ms,2.9,eq,四川芦山
2013-04-21,19:56:12.3,31.86,100.04,5,ML,2.4,eq,四川甘孜
2013-04-21,19:44:03.5,30.34,102.95,25,ML,2.5,eq,四川芦山
2013-04-21,19:03:50.9,26.88,100.01,14,ML,1.2,eq,云南玉龙
2013-04-21,19:00:37.7,30.29,102.96,22,ML,2.9,eq,四川芦山
2013-04-21,18:59:52.2,29.90,102.80,5,ML,1.9,eq,四川天全
2013-04-21,18:58:51.6,28.34,104.96,5,ML,1.0,eq,四川长宁
2013-04-21,18:55:09.4,30.22,102.94,19,ML,3.6,eq,四川芦山
2013-04-21,18:53:59.5,30.36,103.01,9,ML,1.6,eq,四川芦山
2013-04-21,18:48:25.8,30.30,103.00,20,Ms,4.2,eq,四川邛崃
2013-04-21,18:24:14.0,30.28,102.85,19,ML,3.4,eq,四川宝兴
2013-04-21,18:24:03.0,30.23,102.82,5,ML,1.8,eq,四川宝兴
2013-04-21,18:22:37.3,30.26,102.95,15,ML,1.5,eq,四川芦山
2013-04-21,17:43:38.0,30.24,102.96,21,ML,3.5,eq,四川芦山
2013-04-21,17:41:16.1,30.28,102.96,20,ML,3.5,eq,四川芦山
2013-04-21,17:30:27.3,30.30,103.00,20,Ms,4.2,eq,四川邛崃
2013-04-21,17:18:09.9,30.33,103.03,19,ML,3.7,eq,四川芦山
2013-04-21,17:11:11.7,30.36,103.08,10,Ms,2.9,eq,四川邛崃
2013-04-21,17:05:25.0,30.30,103.00,20,Ms,5.4,eq,四川邛崃
2013-04-21,17:01:54.6,30.26,102.94,20,ML,3.8,eq,四川芦山
2013-04-21,16:45:38.3,30.35,102.88,22,ML,3.8,eq,四川宝兴
2013-04-21,16:19:22.2,30.35,102.93,21,ML,2.6,eq,四川宝兴
2013-04-21,15:50:59.8,30.34,102.95,20,ML,3.1,eq,四川芦山
2013-04-21,15:07:46.7,30.18,102.83,21,ML,3.3,eq,四川天全
2013-04-21,14:58:20.2,30.30,103.02,7,ML,1.0,eq,四川芦山
2013-04-21,14:30:16.2,30.27,102.94,22,ML,2.7,eq,四川芦山
2013-04-21,13:52:32.3,31.55,103.98,12,ML,1.9,eq,四川绵竹
2013-04-21,13:10:06.1,30.38,102.95,14,ML,3.4,eq,四川芦山
2013-04-21,13:08:03.6,30.30,102.90,20,ML,3.4,eq,四川芦山
2013-04-21,12:58:48.8,30.33,102.96,23,ML,3.6,eq,四川芦山
2013-04-21,12:39:18.2,30.22,102.89,23,ML,4.2,eq,四川芦山
2013-04-21,11:59:40.9,30.20,103.00,20,Ms,4.9,eq,四川芦山
2013-04-21,11:00:08.1,30.35,102.93,24,ML,3.4,eq,四川宝兴
2013-04-21,09:54:50.8,32.57,105.12,5,ML,1.5,eq,四川青川
2013-04-21,09:33:45.6,30.37,102.96,18,ML,3.2,eq,四川芦山
2013-04-21,09:29:32.6,30.26,102.91,22,ML,4.0,eq,四川芦山
2013-04-21,09:27:37.7,30.34,102.96,23,ML,2.2,eq,四川芦山
2013-04-21,09:23:51.6,27.73,100.65,5,ML,2.0,eq,云南宁蒗
2013-04-21,09:03:47.6,31.89,104.17,5,ML,1.5,eq,四川北川
2013-04-21,08:13:06.5,30.27,102.84,22,ML,3.9,eq,四川宝兴
2013-04-21,08:11:40.1,30.22,102.84,15,ML,1.8,eq,四川宝兴
2013-04-21,08:05:23.7,30.22,102.88,22,ML,2.8,eq,四川芦山
2013-04-21,07:50:59.2,30.17,102.84,20,ML,3.7,eq,四川天全
2013-04-21,07:50:24.1,28.28,104.84,5,ML,1.1,eq,四川珙县
2013-04-21,07:43:59.8,30.16,102.85,19,ML,3.2,eq,四川天全
2013-04-21,06:27:22.0,30.33,102.94,16,ML,3.7,eq,四川芦山
2013-04-21,06:13:18.3,30.30,102.97,13,ML,2.5,eq,四川芦山
2013-04-21,06:11:45.4,30.28,102.96,13,ML,2.8,eq,四川芦山
2013-04-21,06:08:48.5,30.34,102.92,26,ML,3.0,eq,四川宝兴
2013-04-21,06:06:34.9,30.14,102.85,19,ML,3.0,eq,四川天全
2013-04-21,06:04:07.5,30.34,102.97,20,ML,1.7,eq,四川芦山
2013-04-21,06:02:50.7,30.28,102.87,5,ML,1.8,eq,四川芦山
2013-04-21,06:02:27.6,30.38,102.93,23,ML,2.2,eq,四川芦山
2013-04-21,06:00:50.1,30.29,102.92,26,ML,2.2,eq,四川芦山
2013-04-21,05:54:28.4,30.11,102.84,16,ML,3.6,eq,四川天全
2013-04-21,05:45:30.9,32.24,104.78,11,ML,1.5,eq,四川平武
2013-04-21,05:29:55.4,30.25,102.93,23,ML,3.4,eq,四川芦山
2013-04-21,05:21:40.2,30.24,102.91,5,ML,1.3,eq,四川芦山
2013-04-21,05:21:23.5,30.22,102.84,6,ML,1.6,eq,四川宝兴
2013-04-21,05:18:01.0,30.27,102.98,18,ML,3.1,eq,四川芦山
2013-04-21,05:15:08.5,30.12,102.79,8,ML,1.8,eq,四川天全
2013-04-21,05:12:40.9,30.38,102.98,12,ML,1.9,eq,四川芦山
2013-04-21,05:12:07.4,30.33,103.00,8,ML,1.3,eq,四川芦山
2013-04-21,05:08:46.3,30.27,102.93,6,ML,1.2,eq,四川芦山
2013-04-21,05:08:25.2,30.23,102.90,5,ML,1.1,eq,四川芦山
2013-04-21,05:07:39.6,30.34,103.03,14,ML,2.1,eq,四川芦山
2013-04-21,05:06:56.6,30.30,102.91,6,ML,1.2,eq,四川芦山
2013-04-21,05:02:22.7,30.21,102.88,5,ML,2.6,eq,四川芦山
2013-04-21,05:02:07.4,30.29,102.95,22,ML,2.9,eq,四川芦山
2013-04-21,05:00:58.5,30.25,102.95,18,ML,3.0,eq,四川芦山
2013-04-21,04:58:56.1,30.35,102.99,18,ML,3.2,eq,四川芦山
2013-04-21,04:53:45.9,30.34,103.09,16,Ms,5.0,eq,四川芦山
2013-04-21,04:44:35.9,30.26,102.93,18,ML,3.0,eq,四川芦山
2013-04-21,04:42:24.5,28.28,104.82,2,ML,1.1,eq,四川珙县
2013-04-21,04:34:24.6,30.25,102.84,15,ML,3.0,eq,四川宝兴
2013-04-21,04:34:11.4,30.36,103.00,5,ML,2.3,eq,四川芦山
2013-04-21,04:26:12.7,30.36,102.92,12,ML,2.9,eq,四川宝兴
2013-04-21,04:22:50.3,30.24,102.87,13,ML,2.1,eq,四川宝兴
2013-04-21,04:18:07.2,30.14,102.87,19,ML,2.2,eq,四川芦山
2013-04-21,04:10:58.0,30.28,102.90,16,ML,2.6,eq,四川芦山
2013-04-21,04:09:29.2,29.27,102.97,13,ML,2.0,eq,四川甘洛
2013-04-21,04:07:46.7,30.27,102.89,5,ML,2.0,eq,四川芦山
2013-04-21,04:06:51.5,30.28,102.97,16,ML,2.3,eq,四川芦山
2013-04-21,04:03:35.1,30.27,102.87,3,ML,1.1,eq,四川芦山
2013-04-21,04:02:33.6,30.20,102.83,15,ML,1.6,eq,四川天全
2013-04-21,04:00:19.5,30.18,102.85,23,ML,2.7,eq,四川天全
2013-04-21,03:54:46.9,30.23,102.97,18,Ms,4.0,eq,四川芦山
2013-04-21,03:53:28.8,30.20,102.89,6,ML,2.4,eq,四川芦山
2013-04-21,03:52:44.0,30.30,102.99,22,ML,3.2,eq,四川芦山
2013-04-21,03:50:53.4,30.31,102.99,20,ML,2.5,eq,四川芦山
2013-04-21,03:47:33.2,30.14,102.86,19,ML,3.1,eq,四川天全
2013-04-21,03:46:18.4,30.32,102.93,18,ML,2.3,eq,四川芦山
2013-04-21,03:40:43.6,30.32,102.97,16,ML,1.9,eq,四川芦山
2013-04-21,03:39:11.3,30.22,102.87,12,ML,1.9,eq,四川芦山
2013-04-21,03:37:42.8,30.20,102.87,15,ML,2.8,eq,四川芦山
2013-04-21,03:36:36.8,30.38,102.95,18,ML,2.8,eq,四川芦山
2013-04-21,03:34:56.9,29.96,102.83,5,ML,1.1,eq,四川天全
2013-04-21,03:34:36.1,30.24,102.84,2,ML,1.0,eq,四川宝兴
2013-04-21,03:33:55.9,30.43,103.00,5,ML,1.9,eq,四川芦山
2013-04-21,03:32:43.8,30.30,102.97,13,ML,2.0,eq,四川芦山
2013-04-21,03:31:22.0,30.37,102.93,15,ML,2.7,eq,四川芦山
2013-04-21,03:28:06.5,30.28,102.91,20,ML,2.2,eq,四川芦山
2013-04-21,03:27:18.1,30.29,102.92,16,ML,1.9,eq,四川芦山
2013-04-21,03:24:15.9,30.36,102.93,14,ML,2.9,eq,四川芦山
2013-04-21,03:22:54.1,30.29,102.91,14,ML,2.2,eq,四川芦山
2013-04-21,03:17:17.6,30.20,102.82,13,ML,1.5,eq,四川天全
2013-04-21,03:15:15.5,30.25,102.93,19,ML,2.4,eq,四川芦山
2013-04-21,03:15:01.1,30.19,102.92,6,ML,1.4,eq,四川芦山
2013-04-21,03:07:49.9,30.21,103.04,16,ML,3.4,eq,四川雅安
2013-04-21,03:06:30.9,30.21,102.84,16,ML,1.6,eq,四川宝兴
2013-04-21,03:03:12.7,30.33,102.96,9,ML,2.8,eq,四川芦山
2013-04-21,03:02:28.0,30.30,102.98,10,ML,2.7,eq,四川芦山
2013-04-21,03:01:23.1,30.24,102.89,20,ML,3.1,eq,四川芦山
2013-04-21,03:00:05.8,30.33,102.95,6,ML,1.7,eq,四川芦山
2013-04-21,02:58:22.8,30.27,102.97,5,ML,1.5,eq,四川芦山
2013-04-21,02:57:48.3,30.27,102.89,5,ML,1.5,eq,四川芦山
2013-04-21,02:57:11.1,30.30,102.94,7,ML,1.7,eq,四川芦山
2013-04-21,02:56:25.4,30.17,102.86,15,ML,1.8,eq,四川天全
2013-04-21,02:50:08.9,30.25,102.87,6,ML,1.8,eq,四川芦山
2013-04-21,02:49:41.2,30.29,102.84,13,ML,1.6,eq,四川宝兴
2013-04-21,02:45:25.9,30.33,102.96,16,ML,3.0,eq,四川芦山
2013-04-21,02:44:24.2,30.10,102.86,17,ML,2.2,eq,四川天全
2013-04-21,02:43:15.5,30.39,102.98,15,ML,2.8,eq,四川芦山
2013-04-21,02:40:54.4,30.19,102.83,17,ML,2.3,eq,四川天全
2013-04-21,02:39:40.6,30.29,102.95,23,ML,3.2,eq,四川芦山
2013-04-21,02:38:55.5,30.31,102.88,6,ML,2.0,eq,四川芦山
2013-04-21,02:38:02.8,30.25,102.89,18,ML,2.6,eq,四川芦山
2013-04-21,02:37:40.4,30.40,102.94,14,ML,2.6,eq,四川芦山
2013-04-21,02:32:07.5,30.35,103.01,19,ML,4.3,eq,四川芦山
2013-04-21,02:28:34.9,30.11,102.86,16,ML,2.1,eq,四川天全
2013-04-21,02:26:34.8,30.15,102.84,20,ML,2.6,eq,四川天全
2013-04-21,02:23:40.9,30.23,102.85,5,ML,1.6,eq,四川宝兴
2013-04-21,02:22:38.5,30.34,102.95,12,ML,2.5,eq,四川芦山
2013-04-21,02:21:05.7,30.36,103.02,9,ML,1.8,eq,四川芦山
2013-04-21,02:19:49.0,30.31,102.91,16,ML,1.8,eq,四川芦山
2013-04-21,02:15:04.1,30.31,102.92,15,ML,2.8,eq,四川芦山
2013-04-21,02:06:41.8,30.31,102.99,14,ML,2.0,eq,四川芦山
2013-04-21,02:04:58.8,30.25,102.86,5,ML,1.3,eq,四川宝兴
2013-04-21,02:04:05.4,30.24,102.90,10,ML,2.2,eq,四川芦山
2013-04-21,02:03:36.0,30.42,103.08,5,ML,1.8,eq,四川芦山
2013-04-21,01:54:33.1,30.22,102.91,18,ML,2.3,eq,四川芦山
2013-04-21,01:47:42.9,30.20,102.84,13,ML,1.6,eq,四川天全
2013-04-21,01:40:39.4,30.30,102.85,19,ML,1.7,eq,四川宝兴
2013-04-21,01:39:31.9,30.19,102.88,10,ML,1.4,eq,四川芦山
2013-04-21,01:36:34.0,30.38,102.91,27,ML,2.4,eq,四川芦山
2013-04-21,01:32:46.5,30.24,102.99,25,ML,1.9,eq,四川芦山
2013-04-21,01:31:50.0,30.27,102.96,14,ML,2.0,eq,四川芦山
2013-04-21,01:18:18.7,30.38,102.91,22,ML,3.0,eq,四川芦山
2013-04-21,01:16:25.5,30.35,102.93,25,ML,2.2,eq,四川芦山
2013-04-21,01:14:10.6,30.33,102.95,23,ML,2.5,eq,四川芦山
2013-04-21,01:12:19.3,30.18,102.84,23,ML,2.2,eq,四川天全
2013-04-21,01:06:23.2,30.24,102.88,23,ML,2.2,eq,四川宝兴
2013-04-21,01:05:28.2,30.18,102.83,21,ML,3.1,eq,四川天全
2013-04-21,01:05:22.3,30.22,102.88,10,ML,2.1,eq,四川芦山
2013-04-21,01:01:24.4,30.26,102.98,24,ML,2.7,eq,四川芦山
2013-04-21,00:54:44.7,30.32,102.97,22,ML,3.1,eq,四川芦山
2013-04-21,00:53:49.7,30.17,102.81,14,ML,1.7,eq,四川天全
2013-04-21,00:52:59.4,30.33,102.93,25,ML,1.7,eq,四川芦山
2013-04-21,00:38:21.0,30.29,102.83,27,ML,3.4,eq,四川宝兴
2013-04-21,00:32:16.2,30.16,102.85,11,ML,2.0,eq,四川天全
2013-04-21,00:22:34.0,30.28,103.00,10,ML,1.6,eq,四川芦山
2013-04-21,00:21:38.9,30.29,102.86,15,ML,1.7,eq,四川宝兴
2013-04-21,00:14:35.6,30.15,102.85,18,Ms,4.0,eq,四川天全
2013-04-21,00:12:50.3,30.26,102.92,18,ML,2.2,eq,四川芦山
2013-04-21,00:11:13.3,30.35,102.97,18,ML,2.6,eq,四川芦山
2013-04-21,00:10:23.5,30.25,102.92,18,ML,2.2,eq,四川芦山
2013-04-21,00:09:31.8,30.27,102.83,16,ML,2.0,eq,四川宝兴
2013-04-21,00:06:47.0,30.36,102.96,19,ML,3.6,eq,四川芦山
2013-04-21,00:04:32.4,30.13,102.82,20,ML,2.4,eq,四川天全
2013-04-21,00:00:50.0,30.14,102.84,16,ML,2.2,eq,四川天全
2013-04-21,00:00:05.6,30.26,102.77,10,ML,1.5,eq,四川宝兴
2013-04-20,23:20:51.0,30.15,102.88,15,ML,3.8,eq,四川芦山
2013-04-20,23:14:35.2,31.56,103.98,16,ML,1.6,eq,四川绵竹
2013-04-20,23:08:11.2,30.19,102.90,18,ML,3.7,eq,四川芦山
2013-04-20,23:02:56.3,30.31,103.01,13,ML,3.6,eq,四川芦山
2013-04-20,23:01:02.7,32.16,104.61,19,ML,2.4,eq,四川平武
2013-04-20,23:00:38.5,30.24,102.80,14,ML,3.7,eq,四川宝兴
2013-04-20,22:29:34.4,30.25,102.90,21,ML,4.1,eq,四川芦山
2013-04-20,22:15:53.0,31.64,103.32,5,ML,1.2,eq,四川理县
2013-04-20,22:10:31.1,30.29,102.92,27,ML,3.7,eq,四川芦山
2013-04-20,21:12:18.6,30.36,102.96,5,ML,2.0,eq,四川芦山
2013-04-20,21:07:14.3,30.27,102.93,11,ML,2.1,eq,四川芦山
2013-04-20,21:06:36.9,30.32,102.92,15,ML,2.4,eq,四川芦山
2013-04-20,21:04:47.5,30.23,102.88,22,ML,1.7,eq,四川芦山
2013-04-20,21:02:54.5,30.34,102.94,24,ML,2.4,eq,四川芦山
2013-04-20,20:56:38.9,32.69,105.38,6,ML,1.1,eq,四川青川
2013-04-20,20:53:48.1,30.32,102.98,13,ML,2.3,eq,四川芦山
2013-04-20,20:51:05.6,30.24,102.97,21,ML,2.7,eq,四川芦山
2013-04-20,20:50:12.6,30.26,102.97,18,ML,1.8,eq,四川芦山
2013-04-20,20:45:56.3,30.28,102.88,18,ML,1.5,eq,四川芦山
2013-04-20,20:44:46.8,30.31,102.89,26,ML,2.0,eq,四川芦山
2013-04-20,20:36:55.3,30.17,102.86,19,ML,2.7,eq,四川天全
2013-04-20,20:35:36.6,30.27,102.94,21,ML,3.2,eq,四川芦山
2013-04-20,20:33:40.9,30.24,102.94,22,ML,3.5,eq,四川芦山
2013-04-20,20:33:20.4,30.32,102.85,22,ML,2.3,eq,四川宝兴
2013-04-20,20:31:00.9,30.32,102.95,16,ML,2.3,eq,四川芦山
2013-04-20,20:30:08.9,30.20,102.85,2,ML,1.2,eq,四川天全
2013-04-20,20:21:48.9,30.35,102.95,20,ML,2.6,eq,四川芦山
2013-04-20,20:08:48.3,30.28,102.91,14,ML,3.3,eq,四川芦山
2013-04-20,20:07:23.4,30.34,102.94,22,ML,3.3,eq,四川芦山
2013-04-20,20:01:52.6,30.20,102.88,22,ML,2.2,eq,四川芦山
2013-04-20,19:47:45.5,30.27,102.86,15,ML,2.2,eq,四川芦山
2013-04-20,19:43:35.5,30.34,102.93,16,ML,2.7,eq,四川宝兴
2013-04-20,19:39:58.0,30.36,102.97,16,ML,1.7,eq,四川芦山
2013-04-20,19:37:03.0,30.32,102.94,15,ML,2.4,eq,四川芦山
2013-04-20,19:35:46.5,30.30,102.93,23,ML,2.1,eq,四川芦山
2013-04-20,19:29:55.4,30.18,102.89,16,ML,2.3,eq,四川芦山
2013-04-20,19:29:25.8,30.31,102.87,20,ML,2.2,eq,四川宝兴
2013-04-20,19:25:10.1,30.25,102.89,20,ML,2.8,eq,四川芦山
2013-04-20,19:17:41.3,30.34,102.92,15,ML,2.5,eq,四川宝兴
2013-04-20,19:15:22.9,30.31,102.93,19,ML,2.8,eq,四川芦山
2013-04-20,19:12:50.5,30.35,103.02,17,Ms,4.5,eq,四川芦山
2013-04-20,19:12:31.2,30.46,102.94,10,ML,3.9,eq,四川宝兴
2013-04-20,19:10:52.1,30.36,102.97,16,ML,3.8,eq,四川芦山
2013-04-20,19:09:22.8,30.29,102.97,10,ML,3.0,eq,四川芦山
2013-04-20,19:05:47.7,30.22,102.91,19,ML,2.4,eq,四川芦山
2013-04-20,19:01:54.8,30.13,102.85,16,ML,3.6,eq,四川天全
2013-04-20,18:59:03.2,30.40,103.00,17,Ms,3.8,eq,四川芦山
2013-04-20,18:57:34.8,30.29,102.96,15,ML,2.6,eq,四川芦山
2013-04-20,18:56:04.1,30.22,102.88,17,ML,2.3,eq,四川芦山
2013-04-20,18:53:12.1,30.18,102.87,18,ML,2.0,eq,四川芦山
2013-04-20,18:48:58.5,30.34,102.98,24,ML,2.7,eq,四川芦山
2013-04-20,18:47:18.5,30.20,102.91,18,ML,2.6,eq,四川芦山
2013-04-20,18:43:24.3,30.26,102.98,10,ML,2.3,eq,四川芦山
2013-04-20,18:42:37.5,30.18,102.81,14,ML,2.3,eq,四川天全
2013-04-20,18:42:04.2,30.25,102.92,11,ML,1.6,eq,四川芦山
2013-04-20,18:39:06.3,30.22,102.99,11,ML,2.4,eq,四川芦山
2013-04-20,18:37:03.9,30.28,102.86,5,ML,1.9,eq,四川宝兴
2013-04-20,18:25:00.6,30.32,102.90,26,ML,2.9,eq,四川芦山
2013-04-20,18:23:32.6,30.37,103.05,14,ML,2.9,eq,四川芦山
2013-04-20,18:23:15.4,30.18,102.88,20,ML,2.0,eq,四川芦山
2013-04-20,18:22:10.6,30.33,102.97,25,ML,3.0,eq,四川芦山
2013-04-20,18:20:52.8,30.37,102.95,15,ML,3.0,eq,四川芦山
2013-04-20,18:20:45.8,30.35,102.86,5,ML,2.0,eq,四川宝兴
2013-04-20,18:17:51.7,30.30,102.98,21,ML,2.8,eq,四川芦山
2013-04-20,18:15:29.9,30.28,102.87,5,ML,1.4,eq,四川芦山
2013-04-20,18:09:18.6,30.34,103.04,20,Ms,3.0,eq,四川芦山
2013-04-20,18:05:23.4,30.34,102.89,14,ML,2.4,eq,四川宝兴
2013-04-20,18:03:13.4,30.14,102.87,19,ML,3.6,eq,四川芦山
2013-04-20,18:02:14.6,30.19,102.85,22,ML,2.6,eq,四川天全
2013-04-20,18:01:40.8,30.28,102.96,17,ML,2.6,eq,四川芦山
2013-04-20,17:58:12.6,30.36,102.93,24,ML,2.7,eq,四川芦山
2013-04-20,17:57:42.5,30.12,102.85,17,ML,2.8,eq,四川天全
2013-04-20,17:54:46.4,30.22,102.87,22,ML,3.3,eq,四川芦山
2013-04-20,17:53:08.9,30.37,102.93,26,ML,2.8,eq,四川芦山
2013-04-20,17:49:50.5,30.20,102.89,21,ML,2.9,eq,四川芦山
2013-04-20,17:45:14.2,30.31,103.04,17,Ms,4.0,eq,四川芦山
2013-04-20,17:44:47.4,30.38,102.95,15,ML,2.9,eq,四川芦山
2013-04-20,17:42:12.1,30.29,103.02,18,ML,2.5,eq,四川芦山
2013-04-20,17:40:54.1,30.36,102.98,7,ML,2.7,eq,四川芦山
2013-04-20,17:40:21.0,30.34,102.92,19,ML,2.5,eq,四川宝兴
2013-04-20,17:40:06.4,30.28,102.95,20,ML,2.0,eq,四川芦山
2013-04-20,17:38:35.2,30.32,102.95,6,ML,2.6,eq,四川芦山
2013-04-20,17:32:33.7,30.20,102.88,7,ML,2.3,eq,四川芦山
2013-04-20,17:31:44.5,30.15,102.82,17,ML,2.7,eq,四川天全
2013-04-20,17:29:11.2,30.18,102.86,18,ML,2.2,eq,四川天全
2013-04-20,17:26:43.2,30.21,102.86,14,ML,2.3,eq,四川芦山
2013-04-20,17:21:25.5,30.30,102.91,26,ML,2.8,eq,四川芦山
2013-04-20,17:18:33.1,30.36,102.96,6,ML,2.7,eq,四川芦山
2013-04-20,17:15:08.7,30.20,102.88,19,ML,1.8,eq,四川芦山
2013-04-20,17:10:34.2,30.00,102.84,20,ML,1.9,eq,四川天全
2013-04-20,17:09:29.8,31.04,103.51,11,ML,1.8,eq,四川都江堰
2013-04-20,17:07:06.2,30.34,102.95,8,ML,2.6,eq,四川芦山
2013-04-20,17:04:46.3,30.29,102.97,13,ML,3.0,eq,四川芦山
2013-04-20,17:02:18.3,30.36,102.89,5,ML,1.9,eq,四川宝兴
2013-04-20,17:01:25.6,30.10,102.88,9,ML,2.1,eq,四川天全
2013-04-20,16:57:14.3,30.30,102.96,19,ML,3.1,eq,四川芦山
2013-04-20,16:55:02.0,30.17,102.91,17,ML,2.2,eq,四川芦山
2013-04-20,16:53:59.8,30.18,102.84,5,ML,2.0,eq,四川天全
2013-04-20,16:49:51.5,30.16,102.88,10,ML,2.0,eq,四川芦山
2013-04-20,16:48:23.6,30.28,102.86,10,ML,2.6,eq,四川宝兴
2013-04-20,16:47:50.3,30.06,102.97,5,ML,2.0,eq,四川雅安
2013-04-20,16:47:04.4,30.18,102.88,12,ML,1.9,eq,四川芦山
2013-04-20,16:45:49.2,30.23,102.95,16,ML,2.4,eq,四川芦山
2013-04-20,16:42:09.2,30.39,102.84,5,ML,2.3,eq,四川宝兴
2013-04-20,16:40:58.8,30.26,102.91,22,ML,3.1,eq,四川芦山
2013-04-20,16:39:43.0,30.39,102.99,12,ML,3.6,eq,四川芦山
2013-04-20,16:36:46.8,30.40,102.91,5,ML,3.3,eq,四川芦山
2013-04-20,16:36:04.6,30.20,102.88,15,ML,3.4,eq,四川芦山
2013-04-20,16:34:51.9,30.29,102.99,19,ML,3.0,eq,四川芦山
2013-04-20,16:34:32.0,30.27,102.88,5,ML,2.2,eq,四川芦山
2013-04-20,16:31:24.2,30.26,102.91,6,ML,2.3,eq,四川芦山
2013-04-20,16:29:12.4,30.27,102.99,18,ML,2.7,eq,四川芦山
2013-04-20,16:28:50.4,30.25,102.84,6,ML,1.9,eq,四川宝兴
2013-04-20,16:25:04.0,30.20,102.88,18,ML,2.8,eq,四川芦山
2013-04-20,16:24:14.2,30.28,102.90,5,ML,1.5,eq,四川芦山
2013-04-20,16:18:57.1,30.29,102.91,20,ML,3.0,eq,四川芦山
2013-04-20,16:17:04.4,30.28,102.86,5,ML,1.7,eq,四川宝兴
2013-04-20,16:12:55.5,30.27,102.93,11,ML,2.5,eq,四川芦山
2013-04-20,16:07:42.0,30.22,102.87,11,ML,2.4,eq,四川芦山
2013-04-20,16:06:02.8,30.32,102.98,14,ML,3.8,,四川芦山
2013-04-20,16:03:51.2,30.34,102.96,15,ML,2.5,eq,四川芦山
2013-04-20,16:00:26.6,30.20,102.89,19,ML,2.8,eq,四川芦山
2013-04-20,15:53:26.8,30.32,102.90,24,ML,4.0,eq,四川芦山
2013-04-20,15:52:19.3,30.37,102.92,14,ML,2.4,eq,四川芦山
2013-04-20,15:51:06.9,30.32,102.93,7,ML,2.5,eq,四川芦山
2013-04-20,15:49:01.2,30.34,102.93,4,ML,2.0,eq,四川芦山
2013-04-20,15:47:36.2,30.34,103.02,5,ML,2.2,eq,四川芦山
2013-04-20,15:45:36.1,30.25,102.86,3,ML,2.1,eq,四川宝兴
2013-04-20,15:41:58.5,30.24,102.89,4,ML,1.6,eq,四川芦山
2013-04-20,15:39:00.8,30.24,102.88,6,ML,2.3,eq,四川宝兴
2013-04-20,15:38:35.4,30.19,102.81,14,ML,2.1,eq,四川天全
2013-04-20,15:38:23.1,30.89,103.38,8,ML,1.4,eq,四川汶川
2013-04-20,15:36:25.1,30.35,102.92,5,ML,2.5,eq,四川宝兴
2013-04-20,15:35:48.7,30.31,102.95,15,ML,3.0,eq,四川芦山
2013-04-20,15:35:16.0,30.20,102.84,17,ML,2.6,eq,四川宝兴
2013-04-20,15:32:53.7,30.26,102.95,14,ML,2.4,eq,四川芦山
2013-04-20,15:30:23.8,30.36,102.95,14,ML,2.9,eq,四川芦山
2013-04-20,15:27:30.4,30.26,102.94,10,ML,2.7,eq,四川芦山
2013-04-20,15:27:07.2,30.22,102.86,22,ML,2.5,eq,四川芦山
2013-04-20,15:26:19.1,30.38,102.96,5,ML,2.7,eq,四川芦山
2013-04-20,15:25:15.9,30.30,102.93,6,ML,2.8,eq,四川芦山
2013-04-20,15:23:50.0,30.37,102.90,5,ML,2.5,eq,四川宝兴
2013-04-20,15:22:09.7,30.42,102.97,13,ML,2.5,eq,四川芦山
2013-04-20,15:18:33.9,30.39,103.00,17,Ms,4.1,eq,四川宝兴
2013-04-20,15:16:10.9,30.35,102.95,14,ML,2.7,eq,四川芦山
2013-04-20,15:12:22.8,30.40,102.92,13,ML,3.5,eq,四川芦山
2013-04-20,15:09:46.9,30.30,102.99,9,ML,2.4,eq,四川芦山
2013-04-20,15:08:21.3,30.26,102.96,6,ML,2.1,eq,四川芦山
2013-04-20,15:05:05.3,30.15,102.81,19,ML,3.1,eq,四川天全
2013-04-20,15:04:09.6,30.29,102.88,4,ML,2.8,eq,四川芦山
2013-04-20,14:54:50.2,30.17,102.84,16,ML,2.8,eq,四川天全
2013-04-20,14:45:41.7,30.30,102.93,24,ML,3.2,eq,四川芦山
2013-04-20,14:43:20.6,30.17,102.88,21,ML,3.9,eq,四川芦山
2013-04-20,14:42:11.1,30.34,102.96,7,ML,2.6,eq,四川芦山
2013-04-20,14:40:39.4,30.28,102.97,7,ML,2.5,eq,四川芦山
2013-04-20,14:38:18.7,30.31,102.98,26,ML,2.7,eq,四川芦山
2013-04-20,14:36:37.9,30.24,103.04,16,ML,2.9,eq,四川芦山
2013-04-20,14:35:34.6,30.31,102.92,16,ML,2.5,eq,四川芦山
2013-04-20,14:27:06.0,30.19,102.89,18,ML,2.6,eq,四川芦山
2013-04-20,14:23:15.7,30.24,102.91,23,ML,3.2,eq,四川芦山
2013-04-20,14:21:14.3,30.32,102.91,24,ML,2.6,eq,四川芦山
2013-04-20,14:20:11.7,30.16,102.85,15,ML,2.9,eq,四川天全
2013-04-20,14:12:45.0,30.16,102.81,18,ML,3.0,eq,四川天全
2013-04-20,14:11:22.1,30.33,102.93,24,ML,2.7,eq,四川芦山
2013-04-20,14:09:46.6,30.18,102.91,17,ML,2.3,eq,四川芦山
2013-04-20,14:03:25.4,30.27,102.82,14,ML,2.7,eq,四川宝兴
2013-04-20,13:59:52.2,30.26,102.89,26,ML,2.6,eq,四川芦山
2013-04-20,13:59:06.7,30.17,102.80,10,ML,2.7,eq,四川天全
2013-04-20,13:56:04.5,30.26,102.89,20,ML,2.8,eq,四川芦山
2013-04-20,13:54:53.3,30.15,102.81,10,ML,3.1,eq,四川天全
2013-04-20,13:54:08.0,31.23,103.47,8,ML,2.2,eq,四川汶川
2013-04-20,13:52:06.5,30.30,102.92,25,ML,3.5,eq,四川芦山
2013-04-20,13:50:16.9,30.25,102.93,23,ML,3.2,eq,四川芦山
2013-04-20,13:48:16.3,30.31,102.91,17,ML,3.3,eq,四川芦山
2013-04-20,13:44:01.9,30.08,102.83,17,ML,3.7,eq,四川天全
2013-04-20,13:41:30.4,30.22,102.88,15,ML,2.2,eq,四川芦山
2013-04-20,13:39:05.3,30.30,102.93,23,ML,3.8,eq,四川芦山
2013-04-20,13:36:35.7,30.18,102.87,18,ML,3.8,eq,四川芦山
2013-04-20,13:32:18.3,30.15,102.82,18,ML,3.3,eq,四川天全
2013-04-20,13:27:50.3,30.20,102.94,17,ML,2.9,eq,四川芦山
2013-04-20,13:23:58.8,30.20,102.90,13,ML,2.9,eq,四川芦山
2013-04-20,13:22:46.2,30.12,102.85,15,ML,3.3,eq,四川天全
2013-04-20,13:18:05.5,30.33,102.98,14,ML,2.8,eq,四川芦山
2013-04-20,13:14:47.2,30.29,102.91,25,ML,3.1,eq,四川芦山
2013-04-20,13:14:33.0,30.21,102.87,14,ML,3.0,eq,四川芦山
2013-04-20,13:09:28.5,30.07,102.80,12,ML,2.2,eq,四川天全
2013-04-20,13:04:35.7,30.30,102.93,10,ML,2.4,eq,四川芦山
2013-04-20,12:58:00.8,30.25,102.87,16,ML,2.4,eq,四川宝兴
2013-04-20,12:57:05.4,30.34,102.93,26,ML,2.7,eq,四川宝兴
2013-04-20,12:55:59.2,30.19,102.89,16,ML,2.5,eq,四川芦山
2013-04-20,12:53:58.2,30.26,102.92,8,ML,3.1,eq,四川芦山
2013-04-20,12:49:14.9,30.15,102.85,21,ML,3.0,eq,四川天全
2013-04-20,12:47:01.2,30.19,102.86,22,ML,3.4,eq,四川天全
2013-04-20,12:46:04.4,30.18,102.84,14,ML,3.0,eq,四川天全
2013-04-20,12:44:29.1,30.35,102.96,10,ML,2.8,eq,四川芦山
2013-04-20,12:40:48.9,30.30,102.98,11,ML,3.1,eq,四川芦山
2013-04-20,12:38:49.9,30.36,102.94,27,ML,3.6,eq,四川芦山
2013-04-20,12:37:45.8,30.26,102.82,10,ML,3.2,eq,四川宝兴
2013-04-20,12:35:44.5,30.33,102.91,16,ML,2.5,eq,四川宝兴
2013-04-20,12:28:42.1,30.30,102.93,17,ML,3.3,eq,四川芦山
2013-04-20,12:27:58.0,30.32,102.97,26,ML,3.1,eq,四川芦山
2013-04-20,12:27:13.8,30.28,102.87,25,ML,2.3,eq,四川芦山
2013-04-20,12:25:00.2,30.32,102.92,5,ML,2.4,eq,四川芦山
2013-04-20,12:23:43.9,30.37,102.97,26,ML,2.8,eq,四川芦山
2013-04-20,12:22:48.1,30.26,102.94,24,ML,3.0,eq,四川芦山
2013-04-20,12:21:16.0,30.43,102.89,16,ML,2.5,eq,四川宝兴
2013-04-20,12:20:07.5,30.17,102.85,16,ML,3.2,eq,四川天全
2013-04-20,12:19:20.4,30.19,102.90,20,ML,3.0,eq,四川芦山
2013-04-20,12:18:23.8,30.28,102.91,17,ML,2.4,eq,四川芦山
2013-04-20,12:17:14.0,30.26,102.92,17,ML,2.4,eq,四川芦山
2013-04-20,12:16:16.0,30.16,102.82,17,ML,2.8,eq,四川天全
2013-04-20,12:15:33.5,30.13,102.85,17,ML,3.3,eq,四川天全
2013-04-20,12:14:50.3,30.24,102.88,20,ML,2.3,eq,四川宝兴
2013-04-20,12:12:32.8,30.24,102.94,18,ML,2.7,eq,四川芦山
2013-04-20,12:11:42.6,30.16,102.89,18,ML,2.9,eq,四川芦山
2013-04-20,12:10:13.3,30.26,102.88,21,ML,2.4,eq,四川芦山
2013-04-20,12:09:13.8,30.18,102.85,18,ML,3.3,eq,四川天全
2013-04-20,12:07:38.8,30.18,102.81,21,ML,3.4,eq,四川天全
2013-04-20,12:04:50.0,30.18,102.86,22,ML,2.6,eq,四川天全
2013-04-20,12:04:01.2,30.31,102.88,26,ML,2.5,eq,四川芦山
2013-04-20,12:02:31.7,30.13,102.88,19,ML,3.3,eq,四川芦山
2013-04-20,12:00:32.2,30.22,102.90,18,ML,2.7,eq,四川芦山
2013-04-20,11:55:37.5,30.36,102.95,25,ML,4.0,eq,四川芦山
2013-04-20,11:54:27.2,30.25,102.94,24,ML,3.0,eq,四川芦山
2013-04-20,11:51:52.4,30.13,102.87,14,ML,2.8,eq,四川天全
2013-04-20,11:50:41.5,30.25,102.84,24,ML,3.4,eq,四川宝兴
2013-04-20,11:47:06.9,30.24,102.85,15,ML,1.9,eq,四川宝兴
2013-04-20,11:43:07.9,30.19,102.80,18,ML,2.8,eq,四川宝兴
2013-04-20,11:41:36.0,30.11,102.87,17,ML,3.0,eq,四川天全
2013-04-20,11:40:22.1,30.14,102.86,19,ML,3.9,eq,四川天全
2013-04-20,11:36:52.4,30.20,102.90,23,ML,3.9,eq,四川芦山
2013-04-20,11:36:03.8,30.16,102.96,5,ML,4.0,eq,四川芦山
2013-04-20,11:34:16.2,30.24,102.94,11,Ms,5.3,eq,四川天全
2013-04-20,11:32:53.9,30.27,102.93,12,ML,2.9,eq,四川芦山
2013-04-20,11:30:45.2,30.29,102.89,10,ML,3.1,eq,四川芦山
2013-04-20,11:29:10.9,30.18,102.85,18,ML,3.7,eq,四川天全
2013-04-20,11:25:58.5,29.82,102.96,5,ML,1.9,eq,四川雅安
2013-04-20,11:22:29.2,30.28,102.93,25,ML,2.4,eq,四川芦山
2013-04-20,11:21:51.2,30.25,102.91,14,ML,2.9,eq,四川芦山
2013-04-20,11:19:54.6,30.25,103.05,20,Ms,3.6,eq,四川宝兴
2013-04-20,11:12:27.8,30.13,102.82,17,ML,2.1,eq,四川天全
2013-04-20,11:09:50.6,30.20,102.80,5,ML,2.6,eq,四川宝兴
2013-04-20,11:06:53.7,30.25,102.86,12,ML,3.0,eq,四川芦山
2013-04-20,11:04:55.8,30.34,102.92,7,ML,3.6,eq,四川宝兴
2013-04-20,11:03:52.5,30.25,102.88,14,ML,3.1,eq,四川芦山
2013-04-20,11:00:44.3,30.14,102.81,19,ML,2.5,eq,四川天全
2013-04-20,10:57:57.3,30.32,102.96,20,ML,3.1,eq,四川芦山
2013-04-20,10:55:52.7,30.23,102.96,15,ML,3.1,eq,四川芦山
2013-04-20,10:52:11.9,30.17,102.85,18,ML,3.3,eq,四川天全
2013-04-20,10:46:45.9,30.27,102.95,18,ML,3.7,eq,四川芦山
2013-04-20,10:45:23.2,30.31,102.92,14,ML,2.8,eq,四川芦山
2013-04-20,10:42:35.4,30.30,102.92,22,ML,3.1,eq,四川芦山
2013-04-20,10:41:12.9,30.23,102.92,19,ML,3.9,eq,四川芦山
2013-04-20,10:38:36.9,30.25,103.01,17,Ms,4.6,eq,四川芦山
2013-04-20,10:36:03.8,30.27,102.94,22,ML,3.2,eq,四川芦山
2013-04-20,10:29:47.8,30.18,102.81,12,ML,4.1,eq,四川天全
2013-04-20,10:29:02.8,30.32,102.99,5,ML,2.5,eq,四川芦山
2013-04-20,10:26:57.9,30.32,103.04,5,ML,2.4,eq,四川芦山
2013-04-20,10:22:35.8,30.34,102.95,18,ML,3.1,eq,四川芦山
2013-04-20,10:19:05.5,30.33,102.92,15,Ms,4.3,eq,四川芦山
2013-04-20,10:17:38.3,30.18,102.85,25,ML,3.1,eq,四川天全
2013-04-20,10:16:50.9,30.25,102.89,16,ML,2.8,eq,四川芦山
2013-04-20,10:15:51.7,30.34,102.95,20,ML,3.2,eq,四川芦山
2013-04-20,10:15:43.5,30.21,102.86,24,ML,2.6,eq,四川芦山
2013-04-20,10:12:34.1,30.32,102.94,19,ML,4.0,eq,四川芦山
2013-04-20,10:11:24.8,29.90,102.89,12,ML,2.0,eq,四川雅安
2013-04-20,10:09:07.7,30.28,102.91,23,ML,3.1,eq,四川芦山
2013-04-20,10:06:27.1,30.26,102.88,26,ML,3.6,eq,四川芦山
2013-04-20,10:03:20.6,30.14,102.91,17,ML,2.8,eq,四川芦山
2013-04-20,10:02:04.3,32.67,105.37,6,ML,2.2,eq,四川青川
2013-04-20,10:01:43.3,30.17,102.90,15,Ms,3.7,eq,四川芦山
2013-04-20,09:57:49.2,30.21,102.92,18,ML,3.4,eq,四川芦山
2013-04-20,09:54:54.9,30.28,102.91,19,ML,3.5,eq,四川芦山
2013-04-20,09:53:27.0,30.06,102.78,8,ML,3.0,eq,四川天全
2013-04-20,09:47:40.9,30.28,103.01,25,ML,3.4,eq,四川芦山
2013-04-20,09:46:32.7,30.26,102.85,5,ML,2.9,eq,四川宝兴
2013-04-20,09:45:09.3,30.33,102.97,23,ML,3.3,eq,四川芦山
2013-04-20,09:41:59.9,30.33,102.89,5,ML,3.5,eq,四川宝兴
2013-04-20,09:39:34.7,30.13,102.86,17,Ms,4.5,eq,四川芦山
2013-04-20,09:37:29.1,30.28,102.99,15,Ms,4.9,eq,四川芦山
2013-04-20,09:35:36.9,30.22,102.91,18,ML,3.6,eq,四川芦山
2013-04-20,09:26:01.1,30.19,102.95,17,Ms,4.4,eq,四川芦山
2013-04-20,09:24:03.4,30.07,102.76,10,ML,3.4,eq,四川天全
2013-04-20,09:20:10.7,30.17,102.99,19,Ms,4.6,eq,四川芦山
2013-04-20,09:15:34.0,30.29,102.96,16,ML,3.8,eq,四川芦山
2013-04-20,09:14:41.3,30.31,102.94,22,ML,3.4,eq,四川芦山
2013-04-20,09:11:53.2,30.25,102.83,16,Ms,4.3,eq,四川宝兴
2013-04-20,09:10:54.6,30.25,102.98,21,ML,4.3,eq,四川芦山
2013-04-20,09:08:04.6,30.27,102.87,24,ML,3.6,eq,四川芦山
2013-04-20,09:04:22.2,30.27,102.95,24,ML,4.3,eq,四川芦山
2013-04-20,09:02:58.5,30.28,102.93,15,Ms,4.6,eq,四川宝兴
2013-04-20,08:58:44.4,30.25,102.92,16,ML,3.1,eq,四川芦山
2013-04-20,08:56:13.6,30.25,102.90,14,ML,3.7,eq,四川芦山
2013-04-20,08:54:41.4,30.34,102.95,6,ML,3.3,eq,四川芦山
2013-04-20,08:52:22.1,30.19,102.86,16,ML,4.0,eq,四川天全
2013-04-20,08:50:33.9,30.16,102.84,18,ML,3.5,eq,四川天全
2013-04-20,08:48:11.5,30.29,102.95,17,ML,3.4,eq,四川芦山
2013-04-20,08:46:23.8,30.27,102.89,15,ML,2.8,eq,四川芦山
2013-04-20,08:45:37.2,30.25,102.88,23,ML,3.6,eq,四川芦山
2013-04-20,08:42:35.1,30.26,102.88,22,ML,4.2,eq,四川芦山
2013-04-20,08:39:58.3,30.35,102.95,16,ML,4.2,eq,四川芦山
2013-04-20,08:37:13.0,30.18,102.93,19,Ms,4.1,eq,四川芦山
2013-04-20,08:33:00.7,30.30,102.91,5,ML,3.6,eq,四川芦山
2013-04-20,08:31:36.1,30.39,103.01,12,Ms,4.1,eq,四川芦山
2013-04-20,08:30:27.1,30.26,102.84,12,ML,4.1,eq,四川宝兴
2013-04-20,08:27:25.3,30.26,102.87,27,ML,4.2,eq,四川芦山
2013-04-20,08:25:43.9,30.30,102.91,5,ML,3.2,eq,四川芦山
2013-04-20,08:23:48.8,30.21,102.89,7,ML,3.1,eq,四川芦山
2013-04-20,08:21:05.3,30.26,102.86,5,ML,3.6,eq,四川宝兴
2013-04-20,08:20:38.8,30.16,102.85,10,ML,3.5,eq,四川天全
2013-04-20,08:19:40.2,30.27,102.84,15,ML,3.7,eq,四川宝兴
2013-04-20,08:18:03.0,30.20,102.92,20,ML,3.5,eq,四川芦山
2013-04-20,08:16:40.5,30.18,102.88,20,ML,3.8,eq,四川芦山
2013-04-20,08:15:34.9,30.33,102.90,19,ML,4.0,eq,四川宝兴
2013-04-20,08:14:58.9,30.26,102.95,18,ML,3.8,eq,四川芦山
2013-04-20,08:11:39.5,30.34,102.88,16,ML,4.1,eq,四川宝兴
2013-04-20,08:07:30.1,30.32,102.92,10,Ms,5.1,eq,四川芦山
2013-04-20,08:06:39.9,30.18,102.88,10,Ms,4.8,eq,四川芦山
2013-04-20,08:02:47.9,30.30,103.00,13,Ms,7.0,eq,四川芦山
2013-04-20,07:44:49.0,27.78,100.75,7,ML,1.1,eq,云南宁蒗
2013-04-20,06:53:31.0,32.03,104.53,16,ML,2.3,eq,四川北川
2013-04-20,03:08:46.1,29.46,105.57,6,ML,1.5,eq,重庆荣昌
2013-04-20,02:56:21.1,29.23,100.12,5,ML,3.0,eq,四川稻城
2013-04-19,23:39:00.1,31.09,103.38,5,ML,1.3,eq,四川汶川
2013-04-19,22:41:23.3,27.81,100.64,5,ML,1.2,eq,云南宁蒗
2013-04-19,22:23:52.5,31.66,104.04,14,ML,3.4,eq,四川绵竹
2013-04-19,22:11:18.9,29.64,101.95,5,ML,1.5,eq,四川泸定
2013-04-19,20:41:58.1,31.76,104.28,5,ML,1.5,eq,四川安县
2013-04-19,19:37:22.1,28.10,104.46,5,ML,1.8,eq,四川筠连
2013-04-19,18:04:55.3,28.17,104.40,9,ML,1.5,eq,云南盐津
2013-04-19,17:40:05.0,28.43,104.71,10,ML,1.2,eq,四川珙县
2013-04-19,15:32:39.3,31.08,103.53,9,ML,1.4,eq,四川都江堰
2013-04-19,15:13:57.9,31.35,103.32,5,ML,1.9,eq,四川汶川
2013-04-19,15:13:42.6,31.33,103.29,5,ML,1.7,eq,四川汶川
2013-04-19,14:42:00.7,27.23,100.73,12,ML,2.7,eq,云南宁蒗
2013-04-19,14:12:02.8,31.08,103.30,5,ML,1.4,eq,四川汶川
2013-04-19,13:03:40.5,29.80,102.38,8,ML,1.7,eq,四川荥经
2013-04-19,12:03:20.7,31.05,103.00,7,ML,1.9,eq,四川汶川
2013-04-19,11:06:42.0,28.41,104.76,5,ML,1.1,eq,四川珙县
2013-04-19,08:54:42.3,31.24,103.39,5,ML,1.7,eq,四川汶川
2013-04-19,08:48:21.8,31.11,103.30,5,ML,1.1,eq,四川汶川
2013-04-19,07:55:27.9,28.80,105.08,5,ML,1.4,eq,四川江安
2013-04-19,07:35:30.9,31.32,103.45,5,ML,1.6,eq,四川汶川
2013-04-19,07:01:38.1,31.30,103.46,5,ML,1.4,eq,四川汶川
2013-04-19,06:40:34.5,31.30,103.51,13,ML,3.6,eq,四川汶川
2013-04-19,04:43:40.0,31.70,103.19,5,ML,1.9,eq,四川理县
2013-04-19,04:07:00.6,31.25,103.45,12,ML,2.0,eq,四川汶川
2013-04-19,02:34:01.6,27.28,100.74,13,ML,1.5,eq,云南宁蒗
2013-04-19,01:54:19.2,27.73,100.66,6,ML,1.4,eq,云南宁蒗
2013-04-19,01:31:45.9,31.35,103.16,5,ML,1.2,eq,四川理县
2013-04-19,00:50:14.2,27.62,100.66,13,ML,1.3,eq,云南宁蒗
2013-04-19,00:40:39.9,27.59,100.74,10,ML,1.9,eq,云南宁蒗
2013-04-18,23:34:23.3,31.91,104.34,11,ML,1.0,eq,四川北川
2013-04-18,23:32:01.1,27.54,103.97,5,ML,2.4,eq,云南彝良
2013-04-18,23:19:27.2,31.19,103.55,5,ML,1.5,eq,四川汶川
2013-04-18,23:14:39.4,32.62,105.38,14,ML,2.1,eq,四川青川
2013-04-18,22:31:41.4,31.77,104.28,5,ML,1.1,eq,四川安县
2013-04-18,22:25:04.9,29.43,105.53,4,ML,1.5,eq,重庆荣昌
2013-04-18,22:01:28.1,31.00,103.22,17,ML,1.2,eq,四川汶川
2013-04-18,21:07:49.1,26.54,102.04,10,ML,1.7,eq,四川盐边
2013-04-18,20:57:46.5,32.51,104.97,5,ML,1.9,eq,四川青川
2013-04-18,20:16:39.4,26.69,101.98,5,ML,1.8,eq,四川盐边
2013-04-18,19:06:01.1,33.17,104.65,8,ML,1.1,eq,甘肃文县
2013-04-18,15:50:15.7,29.05,102.23,5,ML,1.6,eq,四川石棉
2013-04-18,14:20:36.1,31.86,104.07,5,ML,1.6,eq,四川北川
2013-04-18,13:36:50.0,28.41,104.44,5,ML,1.3,eq,四川高县
2013-04-18,12:32:14.5,28.44,104.79,11,ML,1.2,eq,四川长宁
2013-04-18,12:00:30.0,28.39,104.78,4,ML,1.2,eq,四川珙县
2013-04-18,11:45:18.3,32.36,106.30,5,ML,1.6,eq,四川旺苍
2013-04-18,10:58:31.4,29.76,102.11,5,ML,1.7,eq,四川泸定
2013-04-18,10:11:55.5,31.34,103.39,5,ML,1.7,eq,四川汶川
2013-04-18,09:56:52.0,31.63,104.01,14,ML,1.7,eq,四川绵竹
2013-04-18,09:00:59.7,32.57,104.99,5,ML,1.5,eq,四川青川
2013-04-18,08:20:26.0,26.84,100.76,6,ML,1.0,eq,云南宁蒗
2013-04-18,08:00:51.9,31.31,103.43,5,ML,1.2,eq,四川汶川
2013-04-18,07:27:39.3,32.70,105.41,10,ML,1.8,eq,四川青川
2013-04-18,07:03:37.1,28.44,104.75,8,ML,1.1,eq,四川长宁
2013-04-18,06:21:35.7,31.59,102.42,5,ML,1.5,eq,四川小金
2013-04-18,05:27:55.8,32.05,103.63,5,ML,1.3,eq,四川茂县
2013-04-18,05:16:30.4,31.12,103.58,9,ML,1.2,eq,四川都江堰
2013-04-18,02:54:12.4,30.10,97.16,6,ML,2.8,eq,西藏八宿
2013-04-18,02:45:53.5,32.62,105.40,7,ML,1.6,eq,四川青川
2013-04-18,02:31:05.5,30.93,103.29,12,ML,2.2,eq,四川汶川
2013-04-18,02:17:08.1,27.50,103.72,4,ML,1.8,eq,云南昭通
2013-04-18,02:03:32.6,32.58,105.18,11,ML,1.3,eq,四川青川
2013-04-18,01:30:00.4,31.35,103.46,5,ML,1.0,eq,四川汶川
2013-04-18,00:07:06.9,32.39,101.77,5,ML,1.7,eq,四川阿坝
2013-04-18,00:03:25.3,29.38,105.47,9,ML,1.5,eq,重庆荣昌
2013-04-17,23:19:25.3,32.14,104.61,12,ML,2.5,eq,四川平武
2013-04-17,22:38:09.8,28.35,104.98,5,ML,1.1,eq,四川长宁
2013-04-17,22:22:16.8,31.78,104.32,5,ML,1.5,eq,四川北川
2013-04-17,22:03:41.5,28.23,101.19,5,ML,1.4,eq,四川木里
2013-04-17,21:36:52.1,32.37,101.99,10,ML,2.3,eq,四川红原
2013-04-17,21:32:52.2,31.90,104.25,5,ML,1.1,eq,四川北川
2013-04-17,20:59:37.4,28.09,104.70,5,ML,1.1,eq,四川筠连
2013-04-17,20:38:58.5,31.67,103.10,5,ML,1.6,eq,四川理县
2013-04-17,19:26:48.1,26.66,101.36,5,ML,1.1,eq,云南华坪
2013-04-17,19:03:20.5,31.58,100.58,10,ML,2.9,eq,四川炉霍
2013-04-17,18:25:01.9,30.00,102.60,5,ML,1.4,eq,四川天全
2013-04-17,17:37:27.8,29.40,105.57,5,ML,1.5,eq,重庆荣昌
2013-04-17,17:28:42.4,28.41,104.80,5,ML,1.5,eq,四川珙县
2013-04-17,14:54:55.6,31.25,103.44,5,ML,1.6,eq,四川汶川
2013-04-17,13:04:57.1,29.38,105.44,7,ML,2.5,eq,重庆荣昌
2013-04-17,12:39:26.1,29.56,103.25,5,ML,1.1,eq,四川峨眉山
2013-04-17,12:34:43.6,27.45,100.20,5,ML,1.5,eq,云南玉龙
2013-04-17,10:36:22.7,31.81,104.26,5,ML,1.6,eq,四川北川
2013-04-17,09:16:30.4,31.96,104.27,10,ML,2.1,eq,四川北川
2013-04-17,07:02:13.2,27.48,100.80,13,ML,1.9,eq,云南宁蒗
2013-04-17,06:36:01.5,31.25,103.42,16,ML,2.8,eq,四川汶川
2013-04-17,06:29:32.7,27.51,100.86,13,ML,1.7,eq,云南宁蒗
2013-04-17,05:20:10.5,28.69,103.72,11,ML,2.5,eq,四川马边
2013-04-17,05:00:14.5,32.18,101.49,10,ML,2.0,eq,四川马尔康
2013-04-17,04:35:14.3,27.74,100.78,5,ML,1.4,eq,四川盐源
2013-04-17,04:27:30.1,32.57,105.35,8,ML,2.2,eq,四川青川
2013-04-17,04:11:16.9,31.19,103.46,7,ML,1.1,eq,四川汶川
2013-04-17,03:31:22.9,31.76,100.84,10,ML,1.7,eq,四川炉霍
2013-04-17,02:25:23.1,29.39,104.01,5,ML,1.6,eq,四川犍为
2013-04-17,00:17:38.8,31.34,103.71,16,ML,1.7,eq,四川彭州
2013-04-16,23:46:13.3,31.13,103.47,5,ML,1.5,eq,四川汶川
2013-04-16,18:45:07.9,31.28,103.34,5,ML,1.4,eq,四川汶川
2013-04-16,18:05:41.5,33.53,105.28,6,ML,1.5,eq,甘肃武都
2013-04-16,17:31:33.7,27.65,101.65,9,ML,1.7,eq,四川盐源
2013-04-16,17:23:34.9,28.62,106.99,6,ML,2.6,eq,贵州桐梓
2013-04-16,16:58:04.7,33.39,104.77,6,ML,1.3,eq,甘肃武都
2013-04-16,16:49:41.5,32.80,105.54,5,ML,1.5,eq,陕西宁强
2013-04-16,16:41:15.2,31.63,103.14,5,ML,2.1,eq,四川理县
2013-04-16,16:21:13.4,28.39,104.85,7,ML,1.0,eq,四川长宁
2013-04-16,15:55:42.3,31.04,103.31,8,ML,1.4,eq,四川汶川
2013-04-16,14:04:42.8,32.42,105.00,5,ML,1.4,eq,四川青川
2013-04-16,13:55:21.9,28.28,104.93,11,ML,1.2,eq,四川兴文
2013-04-16,13:52:57.7,28.31,104.91,6,ML,1.2,eq,四川兴文
2013-04-16,13:44:34.8,33.69,106.15,6,ML,1.6,eq,甘肃徽县
2013-04-16,12:56:46.9,31.36,103.38,5,ML,1.6,eq,四川汶川
2013-04-16,12:23:43.0,33.72,105.59,5,ML,1.2,eq,甘肃成县
2013-04-16,12:01:20.6,31.36,103.35,5,ML,1.8,eq,四川汶川
2013-04-16,11:24:03.5,30.00,102.68,5,ML,2.0,eq,四川天全
2013-04-16,11:23:29.1,31.30,103.30,8,ML,1.5,eq,四川汶川
2013-04-16,09:08:01.7,33.35,104.80,5,ML,1.1,eq,甘肃武都
2013-04-16,08:27:55.8,31.62,103.96,20,ML,2.6,eq,四川绵竹
2013-04-16,07:54:57.4,27.96,101.11,5,ML,1.8,eq,四川木里
2013-04-16,05:22:13.7,31.07,103.53,5,ML,1.2,eq,四川都江堰
2013-04-16,05:04:20.5,27.17,102.93,5,ML,3.0,eq,云南巧家
2013-04-16,03:21:51.2,30.00,102.91,14,ML,1.6,eq,四川雅安
2013-04-16,03:19:10.4,31.34,103.34,5,ML,1.5,eq,四川汶川
2013-04-16,02:19:47.0,27.69,100.77,5,ML,1.7,eq,云南宁蒗
2013-04-16,02:11:41.8,31.30,103.36,5,ML,1.3,eq,四川汶川
2013-04-16,01:13:30.3,27.52,104.03,5,ML,1.4,eq,云南彝良
2013-04-15,23:08:35.5,30.97,103.35,10,ML,1.9,eq,四川汶川
2013-04-15,23:07:47.6,30.97,103.34,6,ML,1.1,eq,四川汶川
2013-04-15,22:35:15.0,28.00,104.18,5,ML,1.8,eq,云南盐津
2013-04-15,22:19:26.4,31.14,103.47,11,ML,1.9,eq,四川汶川
2013-04-15,20:36:38.3,31.00,103.21,7,ML,1.8,eq,四川汶川
2013-04-15,20:15:28.6,27.20,103.61,5,ML,1.2,eq,云南鲁甸
2013-04-15,19:25:54.4,28.33,104.95,5,ML,1.2,eq,四川长宁
2013-04-15,19:14:46.9,26.68,101.26,5,ML,1.8,eq,云南华坪
2013-04-15,18:37:55.8,32.12,104.53,16,ML,3.0,eq,四川平武
2013-04-15,16:17:08.6,26.46,99.94,12,ML,1.8,eq,云南剑川
2013-04-15,14:08:29.3,26.89,100.02,12,ML,1.7,eq,云南玉龙
2013-04-15,12:51:26.1,31.54,103.29,9,ML,2.4,eq,四川理县
2013-04-15,11:53:19.8,29.53,102.24,9,ML,1.1,eq,四川泸定
2013-04-15,08:48:51.8,31.60,103.11,5,ML,1.9,eq,四川理县
2013-04-15,06:27:29.4,31.27,103.41,5,ML,1.9,eq,四川汶川
2013-04-15,06:23:46.8,32.49,105.16,5,ML,1.4,eq,四川青川
2013-04-15,05:59:04.9,27.26,103.53,6,ML,1.7,eq,云南昭阳
2013-04-15,05:56:57.6,27.15,103.23,14,ML,1.1,eq,云南巧家
2013-04-15,03:51:55.7,32.35,103.88,5,ML,1.4,eq,四川松潘
2013-04-15,02:02:07.5,31.28,103.55,5,ML,1.2,eq,四川汶川
2013-04-15,00:56:11.9,31.09,103.30,5,ML,1.2,eq,四川汶川
2013-04-15,00:53:16.4,28.28,104.84,5,ML,2.1,eq,四川珙县
2013-04-14,22:47:03.0,28.28,104.84,5,ML,1.1,eq,四川珙县
2013-04-14,21:27:16.1,31.06,103.57,5,ML,1.1,eq,四川都江堰
2013-04-14,20:16:26.1,28.09,104.28,5,ML,1.6,eq,云南盐津
2013-04-14,19:55:51.7,33.09,99.89,11,ML,2.1,eq,青海班玛
2013-04-14,19:45:42.6,26.40,100.12,5,ML,1.7,eq,云南鹤庆
2013-04-14,18:55:27.4,31.16,103.42,5,ML,1.0,eq,四川汶川
2013-04-14,18:52:31.0,30.08,102.05,5,ML,1.6,eq,四川康定
2013-04-14,18:42:56.5,31.35,103.19,5,ML,1.4,eq,四川理县
2013-04-14,18:10:28.4,30.98,103.25,1,ML,1.2,eq,四川汶川
2013-04-14,17:35:29.6,26.99,100.22,24,ML,1.3,eq,云南玉龙
2013-04-14,17:29:46.9,32.49,102.08,7,ML,2.3,eq,四川红原
2013-04-14,17:19:17.9,32.27,106.34,5,ML,1.8,eq,四川旺苍
2013-04-14,16:29:54.3,28.40,104.87,6,ML,1.0,eq,四川长宁
2013-04-14,14:55:11.0,29.43,105.64,6,ML,2.2,eq,重庆荣昌
2013-04-14,14:12:36.2,32.39,105.07,7,ML,1.2,eq,四川青川
2013-04-14,13:39:41.0,31.47,103.18,5,ML,1.8,eq,四川理县
2013-04-14,12:47:26.2,32.53,105.13,17,ML,2.8,eq,四川青川
2013-04-14,11:35:35.7,31.77,104.44,10,ML,1.4,eq,四川北川
2013-04-14,10:38:50.2,27.31,101.36,5,ML,1.5,eq,四川盐源
2013-04-14,10:34:23.5,28.11,101.16,5,ML,1.5,eq,四川木里
2013-04-14,10:18:14.7,31.19,103.42,18,ML,2.4,eq,四川汶川
2013-04-14,09:38:11.1,32.42,105.04,5,ML,1.7,eq,四川青川
2013-04-14,09:07:41.6,29.28,103.03,5,ML,1.4,eq,四川乐山
2013-04-14,09:04:34.1,32.38,105.02,12,ML,1.3,eq,四川青川
2013-04-14,06:30:43.8,31.23,103.47,5,ML,1.3,eq,四川汶川
2013-04-14,06:27:57.2,29.39,104.85,5,ML,1.2,eq,四川自贡
2013-04-14,06:11:43.5,31.54,103.29,5,ML,1.2,eq,四川理县
2013-04-14,05:50:08.5,31.02,103.19,16,ML,1.9,eq,四川汶川
2013-04-14,04:16:42.6,29.87,103.12,5,ML,1.2,eq,四川洪雅
2013-04-14,04:07:34.4,27.72,100.72,10,ML,2.8,eq,云南宁蒗
2013-04-14,02:36:21.6,28.28,104.83,4,ML,1.5,eq,四川珙县
2013-04-14,02:25:03.4,32.40,104.82,8,ML,1.6,eq,四川青川
2013-04-14,02:14:41.4,27.38,101.40,9,ML,1.8,eq,四川盐源
2013-04-14,02:11:39.4,27.38,101.41,13,ML,1.9,eq,四川盐源
2013-04-14,02:09:20.4,27.07,100.79,16,ML,1.6,eq,云南宁蒗
2013-04-14,02:09:05.4,27.06,100.79,14,ML,1.3,eq,云南宁蒗
2013-04-14,01:54:35.0,31.35,103.40,5,ML,1.2,eq,四川汶川
2013-04-14,01:34:12.1,31.74,104.09,9,ML,1.3,eq,四川茂县
2013-04-14,00:38:42.1,27.38,101.39,8,ML,1.6,eq,四川盐源
2013-04-14,00:09:58.3,31.06,103.42,4,ML,1.1,eq,四川汶川
2013-04-14,00:09:13.1,31.62,103.29,5,ML,1.3,eq,四川理县
2013-04-13,23:06:11.8,31.36,103.17,5,ML,1.7,eq,四川理县
2013-04-13,23:06:00.9,27.40,101.40,14,ML,1.9,eq,四川盐源
2013-04-13,23:01:23.2,32.30,104.90,9,ML,1.9,eq,四川平武
2013-04-13,21:37:43.5,27.50,104.01,5,ML,1.2,eq,云南彝良
2013-04-13,21:28:11.2,27.38,101.41,12,ML,2.1,eq,四川盐源
2013-04-13,21:17:33.3,27.50,104.04,12,ML,2.8,eq,云南彝良
2013-04-13,20:48:38.0,32.14,104.56,16,ML,1.9,eq,四川平武
2013-04-13,20:04:56.2,26.08,100.19,5,ML,1.6,eq,云南鹤庆
2013-04-13,20:04:24.3,28.27,104.93,5,ML,1.2,eq,四川兴文
2013-04-13,20:03:07.7,31.25,103.46,5,ML,1.4,eq,四川汶川
2013-04-13,19:07:16.4,31.31,103.38,16,ML,2.0,eq,四川汶川
2013-04-13,18:52:10.3,29.37,105.43,4,ML,1.9,eq,重庆荣昌 
2013-04-13,17:28:43.4,31.24,103.60,10,ML,1.5,eq,四川都江堰
2013-04-13,16:49:21.6,28.40,104.78,8,ML,1.0,eq,四川珙县
2013-04-13,16:31:46.6,31.11,103.45,3,ML,1.2,eq,四川汶川
2013-04-13,16:05:50.2,27.12,103.00,5,ML,1.8,eq,云南巧家
2013-04-13,15:06:19.5,30.10,103.04,10,ML,3.1,eq,四川雅安
2013-04-13,14:52:06.5,31.36,103.40,11,ML,2.6,eq,四川汶川
2013-04-13,13:56:29.5,31.14,103.45,8,ML,2.4,eq,四川汶川
2013-04-13,12:51:33.3,28.45,104.77,8,ML,1.1,eq,四川长宁
2013-04-13,12:13:32.1,31.14,103.49,5,ML,1.1,eq,四川汶川
2013-04-13,11:09:50.1,31.34,103.82,6,ML,1.5,eq,四川彭州
2013-04-13,10:45:14.0,31.08,103.30,5,ML,1.0,eq,四川汶川
2013-04-13,08:56:53.6,32.51,105.12,7,ML,2.1,eq,四川青川
2013-04-13,08:40:36.2,30.94,99.52,4,ML,2.7,eq,四川白玉
2013-04-13,07:34:03.8,27.08,103.07,5,ML,1.3,eq,云南巧家
2013-04-13,07:30:42.5,31.25,103.64,5,ML,1.7,eq,四川都江堰
2013-04-13,06:47:05.3,31.00,103.39,5,ML,1.0,eq,四川汶川
2013-04-13,03:32:23.0,29.43,102.14,15,ML,1.1,eq,四川石棉
2013-04-13,03:09:23.7,31.26,105.18,12,ML,1.6,eq,四川三台
2013-04-13,02:51:52.3,26.46,99.95,5,ML,1.1,eq,云南剑川
2013-04-13,02:46:18.7,32.27,105.00,17,ML,2.4,eq,四川青川
2013-04-13,01:48:53.2,32.35,104.99,16,ML,2.3,eq,四川青川
2013-04-13,01:29:01.7,31.68,103.18,5,ML,1.1,eq,四川理县
2013-04-13,00:38:21.3,32.41,105.14,18,ML,1.8,eq,四川青川
2013-04-13,00:15:37.3,31.70,103.18,5,ML,1.6,eq,四川理县
2013-04-13,00:09:26.8,27.82,100.68,5,ML,1.8,eq,云南宁蒗
2013-04-12,22:10:30.7,32.25,104.95,14,ML,2.2,eq,四川平武
2013-04-12,21:03:30.7,31.18,103.68,13,ML,1.4,eq,四川都江堰
2013-04-12,20:29:03.9,31.32,103.35,5,ML,1.0,eq,四川汶川
2013-04-12,19:23:50.1,30.87,107.34,5,ML,2.1,eq,四川大竹
2013-04-12,17:55:51.6,29.98,102.27,10,ML,1.9,eq,四川泸定
2013-04-12,17:03:49.1,30.31,97.01,6,ML,2.1,eq,西藏八宿
2013-04-12,16:25:10.1,28.41,104.74,10,ML,2.1,eq,四川珙县
2013-04-12,16:21:28.4,33.47,104.81,6,ML,1.7,eq,甘肃武都
2013-04-12,16:06:40.7,28.40,104.73,5,ML,2.0,eq,四川珙县
2013-04-12,15:54:10.4,32.48,105.16,7,ML,1.6,eq,四川青川
2013-04-12,15:19:54.7,31.94,102.20,10,ML,2.1,eq,四川马尔康
2013-04-12,12:49:03.3,29.03,103.08,5,ML,1.0,eq,四川峨边
2013-04-12,11:58:54.7,31.24,103.80,4,ML,1.8,eq,四川彭州
2013-04-12,11:58:06.9,31.29,103.62,7,ML,1.9,eq,四川都江堰
2013-04-12,08:15:53.8,27.51,104.03,5,ML,2.4,eq,云南彝良
2013-04-12,06:44:30.5,31.27,103.43,5,ML,1.3,eq,四川汶川
2013-04-12,06:39:57.1,32.14,104.62,10,ML,1.2,eq,四川平武
2013-04-12,03:47:47.6,31.25,103.45,5,ML,1.2,eq,四川汶川
2013-04-12,03:18:20.2,31.08,103.50,5,ML,1.1,eq,四川汶川
2013-04-12,02:22:07.0,29.91,102.88,12,ML,1.0,eq,四川雅安
2013-04-12,01:25:08.3,27.94,101.15,8,ML,1.3,eq,四川木里
2013-04-12,01:06:06.1,27.36,100.93,13,ML,2.2,eq,云南宁蒗
2013-04-11,23:19:15.1,33.17,104.53,7,ML,1.7,eq,甘肃文县
2013-04-11,22:56:23.6,31.57,103.04,5,ML,1.3,eq,四川理县
2013-04-11,22:29:27.6,29.12,102.09,9,ML,1.4,eq,四川九龙
2013-04-11,22:15:57.0,28.55,103.54,4,ML,1.3,eq,四川雷波
2013-04-11,20:46:36.2,31.24,103.45,5,ML,1.6,eq,四川汶川
2013-04-11,19:23:29.5,27.03,102.43,15,ML,1.7,eq,四川会理
2013-04-11,16:47:41.6,28.40,104.77,5,ML,1.5,eq,四川珙县
2013-04-11,14:38:53.4,29.43,102.13,5,ML,1.4,eq,四川石棉
2013-04-11,13:08:56.0,31.15,103.31,5,ML,1.0,eq,四川汶川
2013-04-11,11:39:05.2,27.15,102.98,9,ML,2.8,eq,云南巧家
2013-04-11,10:44:50.5,31.46,103.90,12,ML,2.3,eq,四川什邡
2013-04-11,09:46:48.8,28.29,104.84,4,ML,1.5,eq,四川珙县
2013-04-11,09:06:03.7,30.56,102.83,11,ML,2.4,eq,四川宝兴
2013-04-11,05:21:05.0,31.13,103.33,8,ML,1.5,eq,四川汶川
2013-04-11,04:18:36.8,32.35,105.05,5,ML,1.2,eq,四川青川
2013-04-11,04:04:49.1,32.49,105.09,14,ML,1.9,eq,四川青川
2013-04-11,02:58:08.6,27.72,100.92,10,ML,1.0,eq,四川盐源
2013-04-11,02:02:46.2,31.05,103.33,4,ML,1.1,eq,四川汶川
2013-04-11,01:37:40.9,28.62,106.73,7,ML,1.7,eq,重庆綦江
2013-04-11,00:48:46.4,26.21,99.96,10,ML,1.0,eq,云南洱源
2013-04-10,23:59:19.3,28.29,104.83,14,ML,3.3,eq,四川珙县
2013-04-10,22:53:27.9,28.60,106.77,6,ML,1.4,eq,贵州桐梓
2013-04-10,22:31:55.5,31.19,103.55,5,ML,1.2,eq,四川汶川
2013-04-10,21:21:35.4,30.79,103.33,18,ML,1.1,eq,四川崇州
2013-04-10,20:43:00.5,27.82,101.13,10,ML,1.4,eq,四川木里
2013-04-10,19:53:24.8,27.55,104.04,12,ML,1.3,eq,云南彝良
2013-04-10,19:47:04.7,29.49,102.05,5,ML,1.3,eq,四川石棉
2013-04-10,19:27:53.1,27.74,100.93,5,ML,1.6,eq,四川盐源
2013-04-10,18:48:45.4,31.25,103.47,5,ML,1.1,eq,四川汶川
2013-04-10,18:20:34.2,33.63,105.92,6,ML,1.3,eq,甘肃成县
2013-04-10,18:17:36.0,28.40,104.77,3,ML,1.3,eq,四川珙县
2013-04-10,17:58:35.1,28.50,102.66,5,ML,1.5,eq,四川越西
2013-04-10,17:54:33.3,31.22,103.79,9,ML,1.6,eq,四川彭州
2013-04-10,13:10:02.8,29.61,102.76,8,ML,1.3,eq,四川荥经
2013-04-10,11:59:33.1,32.65,105.34,12,ML,1.7,eq,四川青川
2013-04-10,10:35:55.5,31.83,104.29,5,ML,1.3,eq,四川北川
2013-04-10,09:46:21.3,31.08,103.40,3,ML,1.4,eq,四川汶川
2013-04-10,06:48:46.7,26.89,102.82,10,ML,1.8,eq,四川宁南
2013-04-10,06:18:05.0,28.28,104.86,5,ML,1.4,eq,四川珙县
2013-04-10,05:10:42.6,30.96,103.30,12,ML,2.0,eq,四川汶川
2013-04-10,03:16:39.7,30.98,103.19,9,ML,1.6,eq,四川汶川
2013-04-10,03:05:04.4,29.72,103.19,14,ML,1.9,eq,四川洪雅
2013-04-10,02:42:09.3,27.54,104.04,10,ML,1.4,eq,云南彝良
2013-04-10,02:26:09.1,32.50,105.18,13,ML,1.1,eq,四川青川
2013-04-10,02:13:28.1,28.34,104.91,5,ML,1.0,eq,四川长宁
2013-04-10,01:51:31.0,28.62,106.71,7,ML,3.4,eq,重庆綦江
2013-04-10,00:16:14.7,32.49,105.16,9,ML,1.7,eq,四川青川
2013-04-09,23:15:06.1,31.83,104.26,6,ML,1.0,eq,四川北川
2013-04-09,22:52:00.6,31.10,103.45,6,ML,1.4,eq,四川汶川
2013-04-09,22:41:46.5,28.29,104.86,5,ML,1.4,eq,四川珙县
2013-04-09,22:35:42.1,26.41,100.12,6,ML,1.5,eq,云南鹤庆
2013-04-09,22:01:27.1,32.47,105.17,10,ML,1.7,eq,四川青川
2013-04-09,19:36:35.2,30.27,97.24,4,ML,1.7,eq,西藏八宿
2013-04-09,19:32:54.9,30.81,107.40,6,ML,2.1,eq,四川大竹
2013-04-09,19:02:27.4,26.30,105.78,7,ML,2.2,eq,贵州普定
2013-04-09,18:31:14.7,31.11,103.46,9,ML,2.6,eq,四川汶川
2013-04-09,18:28:01.6,28.42,104.89,5,ML,1.0,eq,四川长宁
2013-04-09,17:44:18.9,28.05,104.77,5,ML,2.1,eq,四川筠连
2013-04-09,16:11:59.9,28.40,104.78,5,ML,1.1,eq,四川珙县
2013-04-09,16:02:20.6,26.36,101.36,16,ML,3.1,eq,云南大姚
2013-04-09,14:47:34.1,31.26,103.66,5,ML,1.1,eq,四川都江堰
2013-04-09,12:51:07.5,26.61,101.75,12,ML,1.5,eq,四川攀枝花
2013-04-09,12:50:08.2,27.91,100.72,5,ML,1.8,eq,四川木里
2013-04-09,12:49:51.7,26.63,101.75,11,ML,1.7,eq,四川攀枝花
2013-04-09,12:01:51.2,31.89,104.25,5,ML,1.5,eq,四川北川
2013-04-09,11:47:28.4,31.69,104.13,6,ML,1.4,eq,四川安县
2013-04-09,08:35:09.4,29.53,103.15,8,ML,1.5,eq,四川洪雅
2013-04-09,08:27:16.6,31.36,103.38,9,ML,2.3,eq,四川汶川
2013-04-09,07:11:25.5,32.10,104.57,9,ML,1.4,eq,四川平武
2013-04-09,06:32:16.4,27.53,104.08,12,ML,1.4,eq,云南彝良
2013-04-09,05:52:20.7,31.76,104.26,5,ML,1.2,eq,四川安县
2013-04-09,05:44:59.4,32.28,104.75,5,ML,1.1,eq,四川平武
2013-04-09,05:18:56.0,31.17,103.39,12,ML,2.0,eq,四川汶川
2013-04-09,05:05:58.2,29.93,102.94,9,ML,1.4,eq,四川雅安
2013-04-09,04:09:38.9,28.25,104.90,5,ML,1.6,eq,四川兴文
2013-04-09,03:03:17.0,32.38,104.95,5,ML,1.3,eq,四川青川
2013-04-09,02:36:31.1,32.23,104.90,9,ML,1.4,eq,四川平武
2013-04-09,02:32:19.5,30.04,103.87,6,ML,1.4,eq,四川眉山
2013-04-09,02:23:09.4,27.82,100.69,5,ML,1.1,eq,云南宁蒗
2013-04-09,01:09:30.4,27.89,99.91,8,ML,1.9,eq,云南香格里拉
2013-04-09,00:23:32.9,27.82,100.62,5,ML,1.7,eq,云南宁蒗
2013-04-08,21:36:47.3,31.36,103.81,7,ML,1.2,eq,四川彭州
2013-04-08,21:32:28.6,32.62,105.36,15,ML,1.4,eq,四川青川
2013-04-08,21:18:31.0,31.05,103.28,13,ML,1.4,eq,四川汶川
2013-04-08,21:02:20.9,28.35,104.91,5,ML,1.2,eq,四川长宁
2013-04-08,20:45:23.4,30.97,103.32,12,ML,1.2,eq,四川汶川
2013-04-08,20:24:37.4,26.82,100.14,13,ML,1.3,eq,云南玉龙
2013-04-08,19:53:23.6,32.58,105.26,7,ML,1.4,eq,四川青川
2013-04-08,19:46:34.4,26.69,100.15,18,ML,1.3,eq,云南古城
2013-04-08,19:03:42.1,32.16,104.61,12,ML,1.9,eq,四川平武
2013-04-08,18:55:43.6,32.16,104.61,8,ML,1.8,eq,四川平武
2013-04-08,18:31:47.6,30.93,103.47,5,ML,1.0,eq,四川都江堰
2013-04-08,16:54:56.2,33.48,104.68,8,ML,1.2,eq,甘肃武都
2013-04-08,15:58:06.3,28.30,104.85,3,ML,1.1,eq,四川珙县
2013-04-08,15:47:11.1,30.88,103.40,10,ML,1.4,eq,四川汶川
2013-04-08,15:27:58.7,26.00,99.75,8,ML,1.8,eq,云南洱源
2013-04-08,14:54:45.8,28.09,104.17,7,ML,1.5,eq,云南盐津
2013-04-08,13:55:36.4,31.28,103.41,5,ML,1.4,eq,四川汶川
2013-04-08,12:36:00.4,31.88,104.82,5,ML,1.5,eq,四川江油
2013-04-08,12:20:02.6,28.45,104.77,13,ML,1.4,eq,四川长宁
2013-04-08,12:04:17.2,28.14,104.44,12,ML,1.2,eq,云南盐津
2013-04-08,11:47:11.3,30.77,103.24,6,ML,1.4,eq,四川崇州
2013-04-08,11:44:45.6,33.29,104.62,6,ML,1.5,eq,甘肃舟曲
2013-04-08,11:26:46.4,32.03,104.10,10,ML,1.8,eq,四川北川
2013-04-08,10:40:11.4,32.31,101.41,12,ML,1.7,eq,四川壤塘
2013-04-08,10:34:07.0,31.32,103.47,13,ML,1.4,eq,四川汶川
2013-04-08,07:51:28.2,30.78,103.32,22,ML,4.1,eq,四川崇州
2013-04-08,06:22:34.3,31.88,104.34,7,ML,1.2,eq,四川北川
2013-04-08,04:05:56.5,30.82,103.38,12,ML,1.0,eq,四川崇州
2013-04-08,03:41:40.8,30.02,102.97,5,ML,1.6,eq,四川雅安
2013-04-08,02:17:45.2,31.07,103.21,7,ML,1.6,eq,四川汶川
2013-04-08,01:13:34.4,26.06,99.92,9,ML,1.0,eq,云南洱源
2013-04-08,00:14:26.4,31.24,103.48,5,ML,1.4,eq,四川汶川
2013-04-07,22:54:21.1,31.30,103.44,5,ML,1.4,eq,四川汶川
2013-04-07,22:25:40.9,32.66,104.21,5,ML,1.2,eq,四川平武
2013-04-07,19:41:17.9,26.48,102.69,5,ML,1.9,eq,四川会东
2013-04-07,18:47:47.6,26.40,100.02,5,ML,1.5,eq,云南剑川
2013-04-07,18:46:05.0,32.87,107.06,6,ML,1.5,eq,陕西南郑
2013-04-07,18:19:30.8,28.36,104.93,2,ML,1.1,eq,四川长宁
2013-04-07,18:08:48.9,28.39,104.80,5,ML,1.2,eq,四川珙县
2013-04-07,18:04:26.8,27.08,102.09,10,ML,2.1,eq,四川米易
2013-04-07,17:34:30.7,29.43,103.34,1,ML,1.8,eq,四川峨眉山
2013-04-07,16:26:41.3,31.61,104.08,5,ML,1.4,eq,四川绵竹
2013-04-07,16:16:38.1,31.13,103.33,5,ML,1.0,eq,四川汶川
2013-04-07,13:27:09.6,31.10,103.28,5,ML,1.0,eq,四川汶川
2013-04-07,13:20:02.8,26.61,101.76,12,ML,1.4,eq,四川攀枝花
2013-04-07,13:19:19.4,26.65,101.77,12,ML,1.5,eq,四川攀枝花
2013-04-07,13:03:24.2,31.09,103.24,3,ML,1.0,eq,四川汶川
2013-04-07,11:59:57.7,27.20,103.25,10,ML,2.1,eq,云南鲁甸
2013-04-07,10:58:25.8,28.97,102.51,6,ML,1.6,eq,四川甘洛
2013-04-07,10:30:54.3,31.47,103.31,5,ML,2.1,eq,四川理县
2013-04-07,10:10:56.6,26.83,100.09,14,ML,1.1,eq,云南玉龙
2013-04-07,06:37:40.7,30.80,99.31,5,ML,1.6,eq,四川白玉
2013-04-07,05:46:06.2,28.29,104.85,5,ML,2.1,eq,四川珙县
2013-04-07,05:39:50.7,32.66,105.35,6,ML,1.1,eq,四川青川
2013-04-07,04:23:13.2,31.30,103.67,13,ML,2.6,eq,四川都江堰
2013-04-07,03:51:26.0,32.18,104.58,12,ML,2.0,eq,四川平武
2013-04-07,02:52:02.6,31.54,103.28,9,ML,2.3,eq,四川理县
2013-04-07,02:14:21.7,28.28,104.83,2,ML,1.2,eq,四川珙县
2013-04-07,02:02:53.2,26.87,100.72,16,ML,1.2,eq,云南宁蒗
2013-04-07,01:12:18.2,32.50,105.11,5,ML,1.3,eq,四川青川
2013-04-07,00:37:43.5,31.41,103.82,7,ML,1.0,eq,四川彭州
2013-04-07,00:23:33.3,26.55,99.96,10,ML,1.5,eq,云南剑川
2013-04-06,23:52:23.7,31.06,103.33,5,ML,1.2,eq,四川汶川
2013-04-06,18:46:17.4,30.94,103.47,8,ML,1.2,eq,四川都江堰
2013-04-06,18:34:23.2,28.99,102.37,13,ML,2.1,eq,四川石棉
2013-04-06,18:12:12.1,26.82,100.23,18,ML,1.3,eq,云南玉龙
2013-04-06,17:21:07.7,31.06,103.31,5,ML,2.2,eq,四川汶川
2013-04-06,16:31:51.3,30.95,103.26,20,ML,3.0,eq,四川汶川
2013-04-06,16:03:58.2,28.14,101.15,5,ML,1.6,eq,四川木里
2013-04-06,14:27:02.9,31.72,104.32,7,ML,1.4,eq,四川安县
2013-04-06,11:37:16.5,31.25,103.67,16,ML,1.6,eq,四川都江堰
2013-04-06,11:20:29.4,29.43,105.57,4,ML,2.0,eq,重庆荣昌
2013-04-06,11:03:10.8,29.45,105.57,6,ML,3.5,eq,重庆荣昌
2013-04-06,10:40:27.4,28.42,104.68,11,ML,1.0,eq,四川珙县
2013-04-06,10:06:32.4,29.89,97.03,6,ML,1.8,eq,西藏八宿
2013-04-06,06:24:04.7,28.47,104.06,5,ML,1.3,eq,云南绥江
2013-04-06,05:23:15.7,31.40,103.83,12,ML,1.0,eq,四川彭州
2013-04-06,02:56:06.6,28.42,103.45,5,ML,1.3,eq,四川雷波
2013-04-06,01:00:04.6,30.64,103.43,5,ML,1.5,eq,四川大邑
2013-04-05,22:54:11.6,32.03,104.54,6,ML,1.2,eq,四川北川
2013-04-05,22:04:44.1,30.64,103.44,5,ML,1.1,eq,四川大邑
2013-04-05,21:34:24.3,31.84,104.12,5,ML,1.8,eq,四川北川
2013-04-05,21:30:13.9,29.58,103.42,6,ML,1.6,eq,四川峨眉山
2013-04-05,20:29:59.0,31.00,103.28,12,ML,1.3,eq,四川汶川
2013-04-05,20:20:21.8,31.36,103.39,5,ML,1.4,eq,四川汶川
2013-04-05,19:53:37.8,31.55,104.05,8,ML,1.1,eq,四川绵竹
2013-04-05,17:10:55.6,31.38,103.75,6,ML,1.2,eq,四川彭州
2013-04-05,13:19:52.6,31.69,104.34,5,ML,1.2,eq,四川安县
2013-04-05,10:28:35.5,33.96,104.18,4,ML,1.5,eq,甘肃宕昌
2013-04-05,08:13:56.2,32.10,104.49,17,ML,2.5,eq,四川平武
2013-04-05,07:16:32.3,31.58,104.05,8,ML,1.8,eq,四川绵竹
2013-04-05,06:49:38.2,26.23,100.56,14,ML,1.2,eq,云南永胜
2013-04-05,05:34:30.8,27.57,100.80,5,ML,1.2,eq,云南宁蒗
2013-04-05,05:29:33.8,31.20,103.42,5,ML,1.5,eq,四川汶川
2013-04-05,05:27:21.8,30.38,102.96,5,ML,1.1,eq,四川芦山
2013-04-05,03:38:58.1,31.54,103.76,10,ML,2.2,eq,四川茂县
2013-04-05,03:11:30.8,30.10,102.02,5,ML,1.3,eq,四川康定
2013-04-05,02:19:53.6,31.07,103.27,6,ML,1.0,eq,四川汶川
2013-04-05,01:58:18.0,31.69,103.30,5,ML,1.5,eq,四川理县
2013-04-05,01:42:39.6,32.44,105.04,5,ML,1.2,eq,四川青川
2013-04-05,01:17:53.0,28.24,101.73,6,ML,1.4,eq,四川冕宁
2013-04-04,23:09:11.3,33.58,107.29,10,ML,1.1,eq,陕西城固
2013-04-04,22:41:07.4,32.74,103.77,5,ML,1.2,eq,四川松潘
2013-04-04,20:05:50.1,31.77,104.25,5,ML,1.7,eq,四川北川
2013-04-04,19:31:52.8,31.26,103.36,5,ML,1.5,eq,四川汶川
2013-04-04,19:02:07.3,28.29,104.84,5,ML,2.2,eq,四川珙县
2013-04-04,18:09:27.8,31.73,104.24,5,ML,1.3,eq,四川安县
2013-04-04,17:54:04.8,28.30,101.58,5,ML,1.8,eq,四川木里
2013-04-04,17:07:16.3,30.84,103.47,5,ML,1.0,eq,四川崇州
2013-04-04,15:30:59.7,31.16,103.75,8,ML,1.5,eq,四川彭州
2013-04-04,11:02:36.1,31.75,104.12,21,ML,2.5,eq,四川茂县
2013-04-04,10:29:37.4,32.60,105.39,14,ML,3.4,eq,四川青川
2013-04-04,09:49:26.2,33.30,105.17,4,ML,1.1,eq,甘肃武都
2013-04-04,06:59:28.2,30.37,102.96,20,ML,3.7,eq,四川芦山
2013-04-04,05:45:01.4,29.64,101.98,5,ML,1.3,eq,四川泸定
2013-04-04,04:04:52.0,28.29,104.85,2,ML,1.0,eq,四川珙县
2013-04-04,00:25:31.2,32.18,104.63,17,ML,1.8,eq,四川平武
2013-04-03,23:59:16.4,31.77,104.23,5,ML,1.5,eq,四川北川
2013-04-03,21:05:43.0,31.06,103.35,4,ML,1.1,eq,四川汶川
2013-04-03,21:01:15.3,27.69,100.82,5,ML,1.3,eq,云南宁蒗
2013-04-03,19:15:28.1,28.40,104.78,5,ML,1.2,eq,四川珙县
2013-04-03,17:57:41.5,31.19,103.49,5,ML,1.1,eq,四川汶川
2013-04-03,17:43:53.1,31.74,104.19,6,ML,1.8,eq,四川安县
2013-04-03,17:28:53.5,32.86,105.53,7,ML,1.1,eq,陕西宁强
2013-04-03,17:06:24.0,29.98,99.52,5,ML,2.1,eq,四川理塘
2013-04-03,16:30:43.4,27.04,100.29,24,ML,1.7,eq,云南古城
2013-04-03,16:08:42.3,31.24,103.78,5,ML,1.6,eq,四川彭州
2013-04-03,15:24:15.9,32.01,104.55,5,ML,1.7,eq,四川北川
2013-04-03,13:12:23.2,32.17,104.55,5,ML,1.2,eq,四川平武
2013-04-03,12:36:56.5,33.31,105.15,8,ML,1.0,eq,甘肃武都
2013-04-03,10:59:23.3,32.32,104.88,15,ML,2.0,eq,四川平武
2013-04-03,09:25:49.9,29.47,105.58,7,ML,2.1,eq,重庆荣昌
2013-04-03,08:00:14.7,31.34,103.37,5,ML,1.7,eq,四川汶川
2013-04-03,06:54:00.2,29.08,102.38,9,ML,1.0,eq,四川石棉
2013-04-03,06:18:52.7,31.01,103.31,11,ML,1.1,eq,四川汶川
2013-04-03,05:27:41.3,31.78,104.27,5,ML,1.3,eq,四川安县
2013-04-03,05:18:57.9,29.51,104.02,15,ML,2.5,eq,四川井研
2013-04-03,04:42:41.6,27.69,101.03,15,ML,1.7,eq,四川盐源
2013-04-03,04:34:09.7,31.48,104.14,7,ML,1.8,eq,四川绵竹
2013-04-03,04:07:57.5,31.33,103.76,5,ML,1.2,eq,四川彭州
2013-04-03,04:03:38.9,31.63,104.10,5,ML,1.1,eq,四川绵竹
2013-04-03,03:53:49.7,31.08,103.32,6,ML,1.0,eq,四川汶川
2013-04-03,02:27:51.8,31.76,104.09,5,ML,1.8,eq,四川茂县
2013-04-03,01:33:41.3,31.29,103.44,5,ML,1.3,eq,四川汶川
2013-04-03,00:43:50.3,30.94,103.34,15,ML,2.1,eq,四川汶川
2013-04-03,00:30:08.3,31.47,104.16,10,ML,1.5,eq,四川绵竹
2013-04-02,23:55:49.8,31.83,104.28,21,ML,2.2,eq,四川北川
2013-04-02,23:38:45.9,31.69,103.19,5,ML,1.9,eq,四川理县
2013-04-02,23:03:30.3,31.28,103.55,13,ML,1.4,eq,四川汶川
2013-04-02,20:21:47.1,30.53,103.35,5,ML,1.9,eq,四川邛崃
2013-04-02,18:35:25.9,31.04,103.26,12,ML,1.2,eq,四川汶川
2013-04-02,17:56:46.2,30.00,102.33,12,ML,1.8,eq,四川天全
2013-04-02,17:55:38.1,29.39,102.18,14,ML,1.4,eq,四川石棉
2013-04-02,17:41:04.0,32.56,105.21,19,ML,1.9,eq,四川青川
2013-04-02,15:05:15.6,31.66,104.32,4,ML,1.3,eq,四川安县
2013-04-02,14:07:22.9,33.23,100.96,5,ML,2.0,eq,青海久治
2013-04-02,13:52:40.9,28.30,104.85,5,ML,1.2,eq,四川珙县
2013-04-02,12:27:58.7,31.22,103.43,5,ML,1.0,eq,四川汶川
2013-04-02,12:05:03.4,31.71,103.19,5,ML,1.9,eq,四川理县
2013-04-02,11:11:58.5,31.08,103.47,12,ML,1.0,eq,四川汶川
2013-04-02,10:36:50.9,28.27,104.83,5,ML,1.1,eq,四川珙县
2013-04-02,09:35:47.1,31.40,103.80,9,ML,2.0,eq,四川彭州
2013-04-02,07:47:11.6,28.06,104.80,8,ML,1.4,eq,四川珙县
2013-04-02,06:56:29.9,31.72,103.21,5,ML,1.3,eq,四川理县
2013-04-02,04:55:54.2,31.73,103.24,5,ML,1.0,eq,四川理县
2013-04-02,04:02:23.0,32.11,104.59,12,ML,1.5,eq,四川平武
2013-04-02,02:58:41.1,32.34,105.06,12,ML,2.1,eq,四川青川
2013-04-02,02:42:30.2,30.32,97.04,8,ML,1.5,eq,西藏八宿
2013-04-02,01:48:28.3,27.06,103.99,6,ML,1.4,eq,贵州威宁
2013-04-02,01:28:52.5,31.73,103.22,5,ML,1.3,eq,四川理县
2013-04-02,00:28:27.0,27.20,103.58,5,ML,1.1,eq,云南鲁甸
2013-04-02,00:20:07.0,32.30,101.25,5,ML,1.6,eq,四川壤塘
2013-04-01,23:47:54.2,32.14,104.57,6,ML,1.1,eq,四川平武
2013-04-01,23:44:47.3,30.33,102.95,5,ML,1.0,eq,四川芦山
2013-04-01,22:46:39.0,26.81,101.95,6,ML,1.1,eq,四川米易
2013-04-01,21:07:39.7,30.31,97.04,8,ML,2.0,eq,西藏八宿
2013-04-01,20:14:19.4,29.48,105.60,7,ML,1.8,eq,重庆荣昌
2013-04-01,19:41:05.5,28.30,104.85,5,ML,1.4,eq,四川珙县
2013-04-01,19:30:07.5,26.87,99.97,5,ML,1.4,eq,云南玉龙
2013-04-01,19:25:01.8,26.69,100.22,5,ML,1.0,eq,云南鹤庆
2013-04-01,19:21:10.1,28.21,100.88,10,ML,2.0,eq,四川木里
2013-04-01,18:48:00.3,31.24,103.67,5,ML,1.5,eq,四川都江堰
2013-04-01,15:35:15.3,28.34,104.85,8,ML,1.1,eq,四川长宁
2013-04-01,14:00:21.3,31.25,103.62,9,ML,2.3,eq,四川都江堰
2013-04-01,13:34:09.0,27.09,102.08,12,ML,2.2,eq,四川米易
2013-04-01,12:28:51.9,31.31,103.67,6,ML,1.5,eq,四川都江堰
2013-04-01,12:15:15.2,29.42,103.53,6,ML,1.3,eq,四川乐山
2013-04-01,09:12:11.6,28.32,104.89,5,ML,1.3,eq,四川兴文
2013-04-01,08:41:18.7,30.59,105.28,18,ML,2.8,eq,四川蓬溪
2013-04-01,07:31:41.0,31.20,103.42,6,ML,1.2,eq,四川汶川
2013-04-01,07:01:02.5,30.06,102.09,5,ML,1.9,eq,四川康定
2013-04-01,06:21:17.5,31.70,103.19,14,ML,3.7,eq,四川理县
2013-04-01,06:10:10.0,29.36,105.51,9,ML,1.1,eq,重庆荣昌
2013-04-01,06:03:33.0,29.47,105.59,6,ML,1.9,eq,重庆荣昌
2013-04-01,05:35:34.8,31.76,104.18,13,ML,2.8,eq,四川北川
2013-04-01,05:33:30.5,30.29,103.86,9,ML,2.0,eq,四川彭山
2013-04-01,05:28:58.4,29.46,105.59,6,ML,2.1,eq,重庆荣昌
2013-04-01,04:45:32.3,28.05,101.07,5,ML,1.6,eq,四川木里
2013-04-01,03:48:55.2,26.89,102.68,5,ML,1.4,eq,四川宁南
2013-04-01,03:41:02.9,29.99,102.93,11,ML,1.0,eq,四川雅安
2013-04-01,03:06:50.2,29.14,102.24,12,ML,1.6,eq,四川石棉
2013-04-01,01:29:03.1,30.09,102.06,6,ML,1.6,eq,四川康定
